word,frequency
trading,35
uptober,29
dollar,29
government,24
above,19
buy,19
trump,18
september,17
wrap,17
auf,16
breakout,15
top,15
digital,15
rekor,15
two,15
secures,15
erstmals,15
next,14
higher,14
gains,14
bullish,13
dogecoin,13
wall,13
com,13
global,13
kindlymd,13
finance,12
cme,12
world,12
street,12
solana,12
rate,12
usd,12
credit,12
facility,12
prime,12
completes,12
convertible,12
note,12
redemption,12
steigt,12
october,11
cut,11
treasury,11
soars,11
launch,11
strategy,10
money,10
group,10
scam,10
cloud,10
data,10
best,10
trade,10
options,10
breaks,10
mara,10
kripto,10
prediction,9
now,9
die,9
nasdaq,9
bets,9
rekordhoch,9
bank,8
ahead,8
boost,8
largest,8
highs,8
futures,8
set,8
big,8
tax,8
altcoins,8
tech,8
hyper,8
der,8
livenews,8
page,8
past,8
miner,8
yeni,8
holdings,7
firm,7
chinese,7
demand,7
sec,7
coinbase,7
fraud,7
energy,7
ether,7
shares,7
financial,7
executive,7
ripple,7
future,7
target,7
offer,7
partners,7
tops,7
citi,7
krypto,7
walmart,7
chief,7
yeniledi,7
targets,6
moves,6
key,6
unveils,6
eth,6
interest,6
ceo,6
event,6
united,6
kingdom,6
watch,6
inflows,6
loses,6
inc,6
abdde,6
platforms,6
losses,6
pushes,6
move,6
attack,6
token,6
nears,6
strong,6
investor,6
presale,6
nam,6
jou,6
debasement,6
mohilary,6
sworn,6
kryptovaluutta,6
nousi,6
uuteen,6
push,5
forecast,5
eye,5
corporate,5
blackrock,5
cryptocurrencies,5
real,5
stablecoins,5
stablecoin,5
coin,5
banks,5
cap,5
rekord,5
sich,5
asset,5
hopes,5
plans,5
blockchain,5
outlook,5
pump,5
first,5
nursery,5
cyber,5
boom,5
worth,5
prognose,5
von,5
business,5
start,5
everything,5
despite,5
concerns,5
bin,5
jpmorgan,5
retail,5
ibit,5
eyes,5
national,5
bitcoina,5
nay,5
kurs,5
cleanspark,5
fed,5
openai,5
optimism,5
fuel,5
momentum,5
und,5
premium,5
liquidity,5
jump,5
tether,5
onepay,5
atinge,5
hagrama,5
support,4
bulls,4
holds,4
grayscale,4
trust,4
jitters,4
metaplanet,4
network,4
treasuries,4
last,4
defi,4
soar,4
break,4
care,4
etti,4
dex,4
sol,4
institutions,4
launches,4
post,4
laundering,4
multi,4
singapore,4
woman,4
convicted,4
coming,4
company,4
ages,4
poised,4
benefit,4
rallies,4
earn,4
dow,4
jones,4
miners,4
need,4
partnership,4
production,4
deal,4
made,4
based,4
house,4
york,4
infrastructure,4
through,4
moment,4
hackers,4
down,4
off,4
review,4
stran,4
asia,4
europe,4
staking,4
volume,4
these,4
fuels,4
growth,4
backed,4
end,4
tier,4
consortium,4
tokenized,4
meme,4
shift,4
assets,4
reserve,4
risk,4
assam,4
council,4
order,4
jumps,4
means,4
driver,4
miliar,4
americans,4
nguy,4
cho,4
para,4
harga,4
middle,4
spot,4
tokenization,4
which,4
amber,4
added,4
broad,4
index,4
bmi,4
fans,4
cryptos,4
weekend,4
rallye,4
lending,4
japan,4
man,4
sentiment,4
back,4
central,4
opening,4
better,4
dolari,4
nou,4
modi,4
riskleri,4
expect,3
beyond,3
level,3
bear,3
fund,3
accumulation,3
trending,3
lifts,3
space,3
buys,3
getting,3
gap,3
saylor,3
motley,3
fool,3
seizure,3
climb,3
faces,3
green,3
din,3
companies,3
abd,3
seen,3
offering,3
free,3
stage,3
draws,3
malaysian,3
fixer,3
admits,3
role,3
silver,3
behind,3
telegram,3
cna,3
get,3
fair,3
zcash,3
rising,3
litecoin,3
kryptokurse,3
park,3
nefti,3
brazil,3
hbar,3
daily,3
deep,3
approval,3
nyse,3
resistance,3
extend,3
army,3
secure,3
backlash,3
open,3
parabolic,3
another,3
businesses,3
services,3
america,3
left,3
firms,3
vanguard,3
shrug,3
action,3
parlamentnilisty,3
politika,3
dan,3
bitwise,3
suite,3
coins,3
risks,3
matters,3
add,3
leads,3
see,3
economic,3
surpasses,3
analytics,3
while,3
funds,3
volatility,3
right,3
trong,3
clsk,3
india,3
maxime,3
canaan,3
por,3
results,3
riot,3
apple,3
press,3
nebo,3
thailand,3
assistant,3
unusual,3
announces,3
income,3
ninh,3
buffett,3
major,3
shock,3
africa,3
corporation,3
nsx,3
listing,3
restaurant,3
following,3
three,3
plan,3
records,3
adoption,3
summit,3
tin,3
das,3
second,3
adv,3
asian,3
thu,3
gain,3
samsung,3
trends,3
seek,3
tariff,3
federal,3
online,3
custody,3
daybook,3
americas,3
flows,3
drive,3
spark,3
zooms,3
hail,3
operations,3
london,3
suddenly,3
phase,3
app,3
tembus,3
jetzt,3
city,3
swearing,3
marke,3
sheriff,3
kansas,3
lost,3
computer,3
pain,3
sway,3
cash,3
shiba,3
inu,3
life,3
security,3
european,3
holders,3
ini,3
valuation,3
coffee,3
fountain,3
valley,3
smashes,3
magacoin,3
rekorunu,3
bitcoinde,3
maxim,3
istoric,3
win,3
los,3
congratulates,3
member,3
allzeithoch,3
makes,3
climbs,2
triangle,2
levels,2
swiss,2
sygnum,2
yield,2
midnight,2
upward,2
mini,2
common,2
units,2
fractional,2
undivided,2
beneficial,2
arca,2
adds,2
acquires,2
total,2
trillion,2
fraudster,2
zhimin,2
qian,2
billionaires,2
grows,2
cea,2
mai,2
criptomonede,2
stat,2
fedmining,2
fizzle,2
embrace,2
historic,2
cftc,2
tests,2
north,2
korean,2
billionaire,2
thinks,2
fakti,2
bangkok,2
centre,2
odds,2
narrative,2
exemption,2
boosts,2
robert,2
kiyosaki,2
predicts,2
euro,2
pound,2
aset,2
halts,2
biggest,2
local,2
warns,2
senate,2
dont,2
users,2
brings,2
aptos,2
iron,2
small,2
dos,2
miliard,2
schlagen,2
approves,2
kind,2
wie,2
entwickeln,2
glut,2
hedera,2
swift,2
play,2
neftinin,2
taiwan,2
rejects,2
chip,2
never,2
any,2
robinhood,2
slides,2
closes,2
lower,2
face,2
files,2
public,2
thursday,2
stories,2
likely,2
session,2
white,2
spacecoin,2
sends,2
satellite,2
test,2
anthony,2
scaramucci,2
once,2
check,2
delete,2
jobs,2
bid,2
rival,2
starlink,2
live,2
australian,2
pattern,2
police,2
breakfast,2
podcast,2
buying,2
fort,2
door,2
ready,2
snorter,2
offshore,2
compliance,2
troutman,2
pepper,2
locke,2
decline,2
technology,2
sparks,2
kriptoyu,2
etter,2
express,2
further,2
adding,2
opens,2
her,2
whales,2
cto,2
kraken,2
wlfi,2
hold,2
driven,2
health,2
begins,2
value,2
inflow,2
fresh,2
prepares,2
fueling,2
smart,2
doge,2
soared,2
septembrie,2
cripto,2
projects,2
making,2
lesson,2
way,2
wallet,2
list,2
derivatives,2
sentimen,2
morning,2
polymarket,2
struggling,2
things,2
sweden,2
bounce,2
lawmakers,2
create,2
milyon,2
tonluk,2
petrol,2
crash,2
hot,2
enters,2
bjp,2
elections,2
noi,2
yet,2
primera,2
vez,2
guidance,2
blackhawk,2
beloit,2
college,2
celebrate,2
massive,2
aapl,2
alts,2
galaxy,2
kurse,2
billions,2
stellar,2
release,2
distribution,2
management,2
sustainable,2
client,2
feature,2
jsem,2
cena,2
ledger,2
expands,2
super,2
program,2
tbilisi,2
ceyhan,2
kepemilikan,2
dari,2
estate,2
investing,2
using,2
wave,2
forex,2
modhaus,2
pay,2
artists,2
their,2
oktober,2
former,2
arabian,2
republikein,2
land,2
taal,2
nuus,2
milyar,2
children,2
media,2
barrier,2
donnerstagmittag,2
piyasa,2
berkshire,2
isaac,2
equifax,2
tokens,2
diversify,2
friday,2
headlines,2
drug,2
helps,2
home,2
legal,2
bridge,2
industries,2
east,2
bull,2
unprecedented,2
amidst,2
attendees,2
chatgpt,2
highest,2
dubai,2
hellenic,2
shipping,2
worldwide,2
cardano,2
industry,2
supposedly,2
rosy,2
rallying,2
safety,2
tariffs,2
sweep,2
aside,2
supreme,2
contracts,2
kido,2
sorry,2
hurting,2
kids,2
currency,2
already,2
raising,2
uncertainty,2
conflict,2
claims,2
cipher,2
cifr,2
raised,2
drawing,2
flat,2
volby,2
fiala,2
produced,2
hours,2
deliver,2
kritik,2
zirve,2
trap,2
tahmini,2
stimulus,2
political,2
turmoil,2
operation,2
sees,2
favourable,2
short,2
impact,2
remains,2
cautious,2
approaches,2
delays,2
oct,2
state,2
hike,2
dolar,2
spurs,2
spacepay,2
enable,2
recorde,2
rating,2
step,2
blsh,2
erwartet,2
arthur,2
hayes,2
soaring,2
culver,2
foundation,2
manager,2
nomura,2
owned,2
laser,2
license,2
afrohet,2
rekordit,2
gaming,2
crashes,2
derin,2
zengezur,2
orta,2
koridorla,2
piyango,2
vuracak,2
problem,2
profits,2
yen,2
extends,2
dikkat,2
imf,2
flock,2
clear,2
five,2
offers,2
alphapepe,2
early,2
shib,2
spree,2
dad,2
savings,2
number,2
ism,2
makers,2
quiet,2
class,2
newsquawk,2
costa,2
passive,2
virpoint,2
platform,2
there,2
privacy,2
ath,2
fire,2
proposes,2
still,2
bay,2
setn,2
consolida,2
como,2
oro,2
medio,2
incertidumbre,2
fail,2
correlation,2
bullzilla,2
downgrades,2
neutral,2
bitfufu,2
fufu,2
emphasizes,2
transparency,2
lead,2
regulatory,2
clarity,2
build,2
rankings,2
scammed,2
treibt,2
california,2
conditions,2
paypal,2
pypl,2
inject,2
pyusd,2
simple,2
crosses,2
era,2
technologies,2
edge,2
aster,2
antalpha,2
hive,2
larger,2
corrections,2
bitcoinden,2
tarihi,2
breaking,2
sells,2
turn,2
zerebro,2
altcoin,2
actually,2
wealth,2
community,2
sarma,2
attends,2
ceremony,2
takes,2
bpf,2
analis,2
pioneerhash,2
haberleri,2
reaches,2
pragul,2
nowy,2
knackt,2
builds,2
mil,2
mumbai,2
supera,2
explains,2
lifted,2
vielversprechende,2
symmetrical,1
defends,1
whale,1
selling,1
dormant,1
address,1
decade,1
upside,1
preventing,1
starboard,1
bolsters,1
ongoing,1
look,1
atm,1
haul,1
dwarfs,1
cathie,1
wood,1
owns,1
ark,1
differs,1
tom,1
lee,1
recovers,1
founder,1
fan,1
participates,1
asiastrategy,1
aggressive,1
rotate,1
rewiring,1
closure,1
delay,1
michael,1
wants,1
position,1
japanese,1
becomes,1
holder,1
heist,1
busted,1
confesses,1
shocks,1
harvard,1
endowment,1
piling,1
experts,1
fragile,1
bounces,1
turns,1
reasons,1
sector,1
tumbled,1
femeie,1
mare,1
escrocherie,1
lume,1
cum,1
foto,1
miliarde,1
londra,1
propriului,1
liberland,1
jumping,1
bandwagon,1
premiums,1
diplomacy,1
dalgalanmalar,1
tasfiyelere,1
bir,1
getiri,1
elde,1
perp,1
mania,1
quickly,1
bitmex,1
pham,1
approvals,1
delivery,1
agenda,1
nerves,1
clash,1
quick,1
think,1
pink,1
breast,1
cancer,1
awareness,1
initiative,1
mammograms,1
sbi,1
subsidiary,1
suspected,1
hack,1
tim,1
draper,1
retailers,1
only,1
accept,1
vaticina,1
seeking,1
stability,1
dumps,1
alt,1
season,1
overblown,1
huge,1
wont,1
invest,1
explosion,1
dominance,1
call,1
arms,1
beats,1
hong,1
kong,1
debut,1
fever,1
jailed,1
mega,1
piyasalara,1
tazeledi,1
pria,1
paling,1
jenius,1
dunia,1
alihkan,1
seluruh,1
qmmm,1
trades,1
ringleader,1
scheme,1
revaluation,1
restaurants,1
irvine,1
palma,1
rancho,1
cucamonga,1
optometry,1
young,1
steinbachonline,1
weather,1
sports,1
classifieds,1
job,1
listings,1
steinbach,1
manitoba,1
zlato,1
rastu,1
blokadi,1
vlade,1
padu,1
dionica,1
kill,1
save,1
sim,1
devconnect,1
buenos,1
aires,1
somnia,1
zanaga,1
ore,1
active,1
arrow,1
exploration,1
shield,1
therapeutics,1
hodl,1
diversified,1
snapshot,1
futuro,1
recua,1
paralisao,1
governo,1
eua,1
padl,1
policie,1
zabavila,1
bitcoiny,1
stovky,1
foresight,1
ventures,1
commits,1
ecosystem,1
mittwochnachmittag,1
transactions,1
etps,1
vedder,1
mittwochvormittag,1
mittag,1
buidl,1
typo,1
bydfi,1
story,1
slogan,1
jame,1
clean,1
agents,1
work,1
slips,1
keep,1
dollardan,1
light,1
bob,1
dive,1
pivotal,1
proposal,1
commitment,1
intel,1
intc,1
semiconductor,1
tsm,1
western,1
vistra,1
allow,1
overcome,1
healthcare,1
yields,1
offset,1
crackdown,1
china,1
hebei,1
wealthfront,1
initial,1
gears,1
bearish,1
divergence,1
clouds,1
funding,1
his,1
pumping,1
arnold,1
schwarzenegger,1
stolen,1
launching,1
debit,1
card,1
cues,1
mixed,1
shuts,1
startup,1
okx,1
star,1
asx,1
edges,1
tesla,1
reprieve,1
run,1
inevitable,1
historical,1
point,1
investigate,1
dezember,1
erreichen,1
ist,1
grund,1
betting,1
oregon,1
shroom,1
pivot,1
maryland,1
restores,1
pays,1
ransom,1
vote,1
triggers,1
consider,1
expected,1
bac,1
amphenol,1
aph,1
reading,1
tea,1
leaves,1
private,1
slash,1
weston,1
gardens,1
fights,1
center,1
rezoning,1
nbc,1
dallas,1
gainers,1
fun,1
recover,1
partnerships,1
buyback,1
wallets,1
navigating,1
bombay,1
shilpa,1
shetty,1
raj,1
kundra,1
request,1
phuket,1
trip,1
case,1
bollywood,1
flood,1
picture,1
newest,1
obliterating,1
nvidia,1
palantir,1
late,1
ventricular,1
assist,1
devices,1
weekly,1
consumer,1
newsletter,1
bullische,1
ausbruchsindikatoren,1
angesichts,1
dip,1
immediate,1
intal,1
exploring,1
dirty,1
mark,1
wahlberg,1
entertaining,1
retro,1
comedy,1
zase,1
ohnou,1
dobu,1
plunge,1
fears,1
khi,1
advanced,1
standard,1
scams,1
victim,1
baton,1
rouge,1
demek,1
borsa,1
etkileyecek,1
nedgang,1
retrimite,1
parlament,1
legea,1
impozit,1
telenor,1
vodafone,1
samarbeid,1
blandet,1
usas,1
nedstenging,1
totalenergies,1
kvitter,1
seg,1
med,1
norske,1
oljefelt,1
lists,1
avalanche,1
etp,1
xetra,1
regulated,1
products,1
reap,1
governor,1
tra,1
nghi,1
thao,1
renewable,1
opportunities,1
thought,1
talking,1
favorite,1
celebrity,1
cost,1
pepe,1
forms,1
risky,1
dump,1
david,1
schwartz,1
exits,1
leverage,1
wld,1
pairs,1
briefing,1
ignoring,1
obvious,1
nft,1
sales,1
usdt,1
issue,1
perpetual,1
preferred,1
goes,1
viral,1
truth,1
therapy,1
apps,1
bring,1
relief,1
addressing,1
queer,1
mental,1
zirvesinde,1
calm,1
every,1
happened,1
went,1
vertical,1
xiushan,1
safe,1
haven,1
regains,1
flags,1
weak,1
continues,1
loans,1
surpass,1
exchange,1
lift,1
borrowing,1
crowd,1
chasing,1
displays,1
disturbing,1
happens,1
click,1
access,1
easily,1
pioneer,1
hash,1
computing,1
brian,1
armstrong,1
beginning,1
non,1
extremes,1
permute,1
transaction,1
agitat,1
volatil,1
act,1
dead,1
decisions,1
learned,1
hard,1
working,1
via,1
ignites,1
bot,1
closing,1
irs,1
integrate,1
pleads,1
guilty,1
berlari,1
kencang,1
terpantik,1
pemerintahan,1
minute,1
imminent,1
geopolitical,1
tensions,1
mount,1
cheer,1
long,1
awaited,1
urge,1
czy,1
kryptowluty,1
oto,1
najnowsza,1
prognoza,1
dla,1
etheru,1
stafford,1
masie,1
bnic,1
nadal,1
jest,1
tygodni,1
pull,1
history,1
brutal,1
raises,1
adjusts,1
stockpiling,1
craze,1
cooling,1
red,1
summer,1
bros,1
losing,1
tribal,1
legislative,1
heads,1
historically,1
third,1
pentru,1
putea,1
urca,1
spre,1
projection,1
strengthening,1
leadership,1
recovery,1
toughest,1
hashprice,1
enerji,1
koridoru,1
gleniyor,1
hareketlendi,1
sube,1
desde,1
depot,1
preliminary,1
exceed,1
revenue,1
adj,1
ebitda,1
expanded,1
targeted,1
stargate,1
memory,1
koreans,1
frenzy,1
overshadows,1
expanding,1
triple,1
lagging,1
glxy,1
investiert,1
millionen,1
trotz,1
hoher,1
exempt,1
camt,1
unrealized,1
saving,1
tools,1
testnet,1
utility,1
upgrade,1
mintz,1
sustainability,1
viewpoints,1
glosa,1
stanjura,1
bordel,1
uptobru,1
evrov,1
since,1
reaching,1
regulator,1
imbal,1
hasil,1
hingga,1
persen,1
pintu,1
perpanjang,1
flexi,1
hotwl,1
banquet,1
baku,1
route,1
posts,1
oil,1
transport,1
figures,1
very,1
popular,1
trader,1
peter,1
schiff,1
precious,1
metal,1
bitmine,1
umumkan,1
lebih,1
juta,1
maupun,1
uang,1
tunai,1
sebesar,1
mstr,1
investigation,1
alert,1
bragar,1
eagel,1
squire,1
ice,1
code,1
games,1
akcji,1
serii,1
mln,1
ultra,1
rich,1
ditching,1
legend,1
theyre,1
shockproof,1
edition,1
milionari,1
lor,1
ethereumda,1
toparlanma,1
xrpde,1
balina,1
riski,1
warren,1
accepted,1
devletlerin,1
otoritesini,1
sarsar,1
fizzles,1
purchases,1
slow,1
tumble,1
kembali,1
catat,1
tertinggi,1
weighing,1
candidates,1
multiple,1
spots,1
chairman,1
giancarlo,1
pace,1
tllik,1
vurgunu,1
mahkemede,1
itiraf,1
expand,1
lineup,1
include,1
rektember,1
bbva,1
teams,1
sgx,1
lafc,1
dash,1
thing,1
dawg,1
predprodaji,1
rekordnih,1
milijona,1
eur,1
voljo,1
xlm,1
critical,1
roundtable,1
ryvyl,1
merger,1
ktisatbank,1
analizi,1
borsada,1
halkbank,1
piyasada,1
iyimse,1
indexes,1
downplay,1
rogers,1
without,1
neighborhood,1
res,1
shake,1
leading,1
tradfi,1
marketplace,1
offerings,1
policy,1
fitness,1
shuffle,1
congressman,1
begich,1
cites,1
balance,1
sheet,1
runs,1
hospice,1
olunan,1
hacked,1
details,1
deleted,1
fast,1
furious,1
predicted,1
signs,1
avalon,1
pro,1
sars,1
tightens,1
grip,1
battle,1
looms,1
pacific,1
region,1
abu,1
dhabi,1
host,1
creative,1
brent,1
continue,1
hurdles,1
reversal,1
halt,1
pol,1
lags,1
mmf,1
polygon,1
mounting,1
turbulence,1
drives,1
ziplines,1
djs,1
conference,1
roaring,1
slovenski,1
presenetil,1
timi,1
zajc,1
zapustil,1
slatnarja,1
zdaj,1
prisega,1
speculation,1
oder,1
aufkommen,1
crude,1
benchmarks,1
lows,1
bitfarms,1
tremendous,1
inbound,1
aims,1
ada,1
breath,1
bails,1
coal,1
bei,1
republic,1
kaufen,1
gibt,1
einen,1
haken,1
klares,1
ergebnis,1
quantum,1
deai,1
rwa,1
explodieren,1
weiter,1
diese,1
nennen,1
experten,1
applied,1
earns,1
raise,1
roth,1
opinion,1
iran,1
hamas,1
lifeline,1
forbes,1
elon,1
musk,1
briefly,1
balad,1
ods,1
ivan,1
motoristech,1
bandy,1
alpacadb,1
instant,1
alpaca,1
newly,1
launched,1
react,1
drags,1
finra,1
probe,1
dats,1
respond,1
bakerhostetler,1
country,1
reigns,1
told,1
commodities,1
networks,1
powering,1
mexican,1
cartels,1
strategies,1
pokus,1
hlavenka,1
quarterly,1
fialou,1
milli,1
yolun,1
waldy,1
bendy,1
adventures,1
art,1
addicted,1
birliyinin,1
understanding,1
essentials,1
anticipation,1
impacts,1
wmc,1
slams,1
increasing,1
dismisses,1
kolaboranty,1
zadku,1
sepsul,1
ruskou,1
propagandu,1
refiners,1
inventories,1
overnight,1
shmutdown,1
milestone,1
taps,1
reboots,1
predictions,1
xau,1
outperforms,1
american,1
xbto,1
zodia,1
partner,1
stack,1
rose,1
difficulty,1
seviyeyi,1
strengthen,1
pundit,1
reveals,1
jpmorgandan,1
sonuna,1
kadar,1
enthusiast,1
pompliano,1
shocked,1
investment,1
debuts,1
hitting,1
gdps,1
period,1
charts,1
cup,1
handle,1
marathon,1
mines,1
supercycle,1
jeff,1
matches,1
annual,1
near,1
certain,1
tailwinds,1
citibank,1
issues,1
bold,1
term,1
bybit,1
block,1
scholes,1
limited,1
gld,1
volumes,1
weighs,1
personal,1
windfall,1
appears,1
realistic,1
show,1
uks,1
fight,1
freedom,1
cango,1
backs,1
leader,1
toward,1
londonlovesbusiness,1
nation,1
enter,1
soon,1
morgandan,1
trims,1
view,1
drejt,1
rekordi,1
lockdowns,1
shifts,1
shaped,1
forum,1
coinspeaker,1
antex,1
shark,1
kindly,1
proposed,1
bill,1
diramal,1
akhir,1
tahun,1
ethereuma,1
resmen,1
radar,1
nearing,1
morgan,1
stanley,1
etrade,1
starting,1
engrena,1
encosta,1
busca,1
reservas,1
valor,1
final,1
downgrade,1
seize,1
remittix,1
rtx,1
guide,1
recap,1
teachers,1
challenge,1
tet,1
requirement,1
court,1
uns,1
eine,1
lambo,1
mulls,1
payout,1
bcd,1
tofu,1
medicare,1
agent,1
crisis,1
send,1
insurance,1
coordinator,1
mortgage,1
processor,1
donald,1
calls,1
complete,1
nonsense,1
turning,1
ton,1
nike,1
exec,1
marketing,1
google,1
warehouse,1
staff,1
application,1
bloomberg,1
kokrajhar,1
fifth,1
quietly,1
accumulating,1
winners,1
releases,1
pfad,1
zur,1
anleger,1
davon,1
profitieren,1
mua,1
radikale,1
mann,1
welt,1
wandelt,1
sein,1
gesamtes,1
declines,1
stays,1
capturing,1
attention,1
bilingual,1
associate,1
jackbit,1
casino,1
introduces,1
seamless,1
alle,1
anzeichen,1
deuten,1
bullenmarkt,1
tnl,1
lens,1
tiny,1
penny,1
thanh,1
aave,1
rebounds,1
size,1
unit,1
booming,1
salina,1
clicking,1
fraudulent,1
pop,1
shocking,1
announcement,1
nachmittag,1
dominate,1
cuts,1
mio,1
wale,1
entfachen,1
neue,1
ico,1
dynamik,1
etns,1
zach,1
witkoff,1
tokenisation,1
properties,1
spory,1
wybicia,1
president,1
circle,1
tank,1
olduk,1
dolara,1
woes,1
mexc,1
joins,1
forces,1
falcon,1
usdf,1
crashing,1
advance,1
mobile,1
later,1
hacim,1
bist,1
hisseleri,1
industrial,1
policies,1
effective,1
carry,1
goldenmining,1
earning,1
winning,1
streak,1
memecoin,1
shaping,1
nicely,1
bigger,1
exclusive,1
senegal,1
waiver,1
meeting,1
seans,1
bilinmesi,1
gerekenler,1
visibility,1
revitalize,1
chile,1
pension,1
system,1
hello,1
ann,1
arbor,1
strip,1
mall,1
shooting,1
setting,1
concert,1
activity,1
under,1
pressure,1
miten,1
yhdysvallat,1
raha,1
arkkitehtuurin,1
febra,1
stinge,1
companiile,1
reduc,1
minimul,1
ultimelor,1
luni,1
layer,1
brett,1
apy,1
different,1
opportunity,1
sai,1
nhanh,1
peak,1
repeat,1
longer,1
luxury,1
rocktoken,1
delivers,1
crush,1
potential,1
kinh,1
doanh,1
sjc,1
decision,1
canary,1
pushed,1
donts,1
sending,1
main,1
dominanz,1
explodiert,1
ende,1
wagen,1
prognosen,1
focused,1
initiatives,1
forward,1
agencies,1
rolls,1
gaining,1
ground,1
economy,1
fiu,1
ind,1
notifies,1
pmla,1
violation,1
hai,1
bitget,1
gracy,1
chen,1
supports,1
inaugural,1
unicef,1
game,1
jam,1
ruined,1
entire,1
thanks,1
oed,1
languagehat,1
oxurion,1
information,1
voting,1
rights,1
denominator,1
conversion,1
notice,1
atlas,1
euphoria,1
dented,1
steam,1
afternoon,1
tilly,1
norwood,1
warning,1
humans,1
power,1
faster,1
loan,1
trim,1
filefix,1
meta,1
accounts,1
fake,1
warnings,1
quan,1
primary,1
anticipated,1
william,1
edwards,1
commercial,1
lawyer,1
bennett,1
toronto,1
war,1
against,1
rivals,1
finally,1
hands,1
busting,1
design,1
florida,1
geo,1
plays,1
mass,1
deportation,1
orlando,1
sentinel,1
vaneck,1
lido,1
staked,1
considers,1
rebate,1
mildly,1
firmer,1
agency,1
chance,1
paid,1
dxy,1
awaiting,1
nfp,1
account,1
wyoming,1
laws,1
friendly,1
issuance,1
rica,1
allows,1
donations,1
parties,1
quid,1
upgrades,1
paths,1
bez,1
moniky,1
voleb,1
spal,1
hodiny,1
spolu,1
vytkl,1
halucinaci,1
deribit,1
become,1
outperform,1
trusts,1
myriad,1
ray,1
dalio,1
doubts,1
seeing,1
alternative,1
echoing,1
okb,1
skyrocketting,1
picks,1
btg,1
arm,1
mynt,1
signals,1
defiance,1
leveraged,1
exposure,1
plunges,1
rush,1
sort,1
them,1
melonjak,1
hari,1
tersengat,1
apa,1
pendorongnya,1
within,1
cao,1
cetak,1
laba,1
belum,1
terealisasi,1
triliun,1
fails,1
stall,1
emerges,1
incoming,1
consolidates,1
roi,1
menilik,1
prospek,1
strategi,1
cari,1
cuan,1
zec,1
explodes,1
roars,1
charge,1
institutional,1
democratic,1
want,1
full,1
clients,1
seeks,1
advantages,1
holding,1
ira,1
garden,1
grove,1
frontdesk,1
treatment,1
swl,1
moonbull,1
join,1
alongside,1
furniture,1
store,1
massage,1
chair,1
buena,1
ismg,1
editors,1
fallout,1
perusahaan,1
fintech,1
yang,1
didukung,1
bakal,1
sediakan,1
acof,1
messy,1
control,1
matter,1
ever,1
studios,1
engine,1
flowing,1
calvenridge,1
canada,1
legit,1
empire,1
feel,1
meet,1
richest,1
gen,1
around,1
ruling,1
mercado,1
invisible,1
approach,1
ignite,1
traditional,1
integration,1
sofi,1
below,1
place,1
outperformance,1
wort,1
des,1
jahres,1
werden,1
mamdani,1
cuomo,1
sliwa,1
election,1
donors,1
missing,1
ethena,1
usde,1
dai,1
behavior,1
explore,1
steady,1
per,1
boj,1
hlasy,1
klid,1
budoucnosti,1
woke,1
capitalism,1
settle,1
frig,1
paradis,1
cumpere,1
zanzibar,1
zangezur,1
corridor,1
routes,1
turkic,1
states,1
ways,1
poker,1
modern,1
gamers,1
bragged,1
earned,1
same,1
salary,1
heart,1
surgeon,1
pilot,1
lose,1
competitive,1
dual,1
share,1
structure,1
letech,1
trumfla,1
miss,1
perps,1
tokenised,1
ltd,1
given,1
average,1
moderate,1
grand,1
island,1
identifies,1
uptrend,1
btcfi,1
havent,1
tried,1
survey,1
trilyon,1
salvador,1
devlet,1
nayib,1
bukele,1
dudak,1
rockets,1
nearly,1
pulling,1
pops,1
driving,1
propel,1
heights,1
xyzverse,1
este,1
acum,1
timp,1
diverge,1
amasses,1
sight,1
starts,1
bang,1
citigroup,1
becoming,1
mainstream,1
acquire,1
myx,1
separating,1
testing,1
resistances,1
bloody,1
again,1
skyrockets,1
avocadocoin,1
avdo,1
self,1
capitalization,1
looking,1
goldpro,1
gpro,1
kusursuz,1
gidici,1
trece,1
satoshi,1
nakamoto,1
stash,1
ishares,1
acquired,1
advisors,1
llc,1
timehigh,1
range,1
speculates,1
himanta,1
assure,1
guwahati,1
continued,1
maintain,1
stable,1
returns,1
keys,1
flight,1
possible,1
alliance,1
horizon,1
melesat,1
prediksi,1
awal,1
tren,1
kenaikan,1
baru,1
revisi,1
proyeksi,1
naik,1
dipangkas,1
teases,1
celebration,1
binance,1
sampai,1
kapan,1
bocoran,1
til,1
seviyesi,1
climate,1
rekora,1
imza,1
arrin,1
historik,1
mbi,1
giao,1
seviyesini,1
touches,1
vietnam,1
vietnamplus,1
kapanma,1
riskiyle,1
vedeta,1
criptomonedelor,1
alza,1
marca,1
sobre,1
sets,1
hranici,1
hut,1
blasting,1
valoare,1
urcat,1
criptomoneda,1
rekoru,1
pakistan,1
challenges,1
trwa,1
hossa,1
waluta,1
capital,1
perfect,1
storm,1
braced,1
surging,1
milliarden,1
tundra,1
buzz,1
impending,1
schwelle,1
applies,1
banking,1
joining,1
growing,1
pack,1
antreibt,1
running,1
fumes,1
fomo,1
steer,1
selloff,1
claude,1
blackhama,1
novo,1
ultrapassa,1
pradyot,1
debbarma,1
urges,1
regional,1
unity,1
correction,1
unlikely,1
scenario,1
unfolds,1
fullerton,1
experte,1
schnellen,1
sprung,1
dann,1
indodax,1
setorkan,1
pajak,1
selama,1
januari,1
agustus,1
arrested,1
trafficking,1
youth,1
myanmar,1
slavery,1
mehr,1
als,1
wert,1
bitcoins,1
statistische,1
reaktion,1
geldpolitik,1
wertvolle,1
erkenntnisse,1
takaichi,1
povestea,1
spune,1
foarte,1
multe,1
despre,1
lumea,1
fost,1
prim,1
ministru,1
miliardar,1
afaceri,1
rusia,1
confidentul,1
personaje,1
principale,1
jaful,1
epocii,1
rompe,1
valoarea,1
ajuns,1
nivel,1
abddeki,1
kriz,1
erreicht,1
techstory,1
meram,1
konya,1
netzwelt,1
skeptic,1
built,1
powerful,1
portfolio,1
combat,1
weaker,1
inflation,1
historia,1
bewegen,1
sonntagnachmittag,1
overtakes,1
amazon,1
heats,1
risiko,1
visa,1
fee,1
hiring,1
geojit,1
vinod,1
nair,1
stufe,1
skalierbarkeit,1
broken,1
promises,1
multiversx,1
removing,1
egld,1
supply,1
ban,1
cant,1
holdup,1
vorschau,1
wird,1
kommenden,1
woche,1
wichtig,1
expansion,1
millions,1
connected,1
zwei,1
erobern,1
den,1
kryptomarkt,1
cio,1
bombshell,1
bet,1
neuer,1
trend,1
treiben,1
round,1
steps,1
drei,1
analysten,1
sehen,1
enormes,1
wachstumspotenzial,1
flirts,1
robust,1
sell,1
shovel,1
dashboards,1
dozens,1
gdp,1
lgt,1
chakri,1
lokapriya,1
tradeville,1
istorice,1
bursele,1
americane,1
ipo,1
uri,1
europa,1
six,1
secondary,1
schools,1
breach,1
feds,1
powell,1
clues,1
briefs,1
checks,1
revolutionizes,1
successor,1
anticipate,1
navigate,1
apropie,1
lei,1
payments,1
grandma,1
vaata,1
vestluspaneel,1
protsendi,1
maailm,1
rikkuse,1
maksustamine,1
keskklassi,1
hbumine,1
erfolgserlebnisse,1
motivieren,1
