published_at_utc,date_day,title,url,domain,source,sourceCountry,language
2025-09-13T22:00:00+00:00,2025-09-13,Bitcoin Price Prediction : BTC Trend Reversal Sparks Bullish Targets Toward $123K,https://bravenewcoin.com/insights/bitcoin-price-prediction-btc-trend-reversal-sparks-bullish-targets-toward-123k,bravenewcoin.com,,,English
2025-09-13T21:00:00+00:00,2025-09-13,Ether Vs Bitcoin Treasuries : Which Strategy Is Winning In 2025 ?,https://www.zerohedge.com/crypto/ether-vs-bitcoin-treasuries-which-strategy-winning-2025,www.zerohedge.com,,,English
2025-09-13T22:00:00+00:00,2025-09-13,Bitcoin Price Today : BTC Price Tests $116K Trendline Resistance Is a New ATH Imminent ?,https://bravenewcoin.com/insights/bitcoin-price-today-btc-price-tests-116k-trendline-resistance-is-a-new-ath-imminent,bravenewcoin.com,,,English
2025-09-13T02:00:00+00:00,2025-09-13,"Bitcoin Price Flashes  Rarest Signal  Ever , Is A 100 % Rally Possible ?",https://www.newsbtc.com/news/bitcoin/bitcoin-rarest-signal-ever/,www.newsbtc.com,,,English
2025-09-13T11:15:00+00:00,2025-09-13,Bitcoin Breaks Above Mid - Term Holder Breakeven - Is A Fresh Rally Brewing ?,https://www.newsbtc.com/bitcoin-news/bitcoin-breaks-term-holder-breakeven-rally/,www.newsbtc.com,,,English
2025-09-13T02:00:00+00:00,2025-09-13,Mid - Sized Bitcoin Holders Break Records With 65K BTC Weekly Accumulation,https://www.newsbtc.com/news/bitcoin/mid-sized-bitcoin-holders-break-records-with-65k-btc-weekly-accumulation/,www.newsbtc.com,,,English
2025-09-13T11:15:00+00:00,2025-09-13,"Bitcoin Climbs Past $115 , 000 on Inflation Relief and ETF Flows , But Bearish Signals Loom",https://www.newsbtc.com/bitcoin-news/bitcoin-climbs-past-115000-on-inflation-relief-and-etf-flows-but-bearish-signals-loom/,www.newsbtc.com,,,English
2025-09-13T11:15:00+00:00,2025-09-13,"Bitcoin Rangebound but Momentum is Building Up , Metrics Hit Record Highs",https://www.coinspeaker.com/bitcoin-rangebound-but-momentum-is-building-up-metrics-hit-record-highs/,www.coinspeaker.com,,,English
2025-09-13T21:15:00+00:00,2025-09-13,Bitcoinde yeni rekor kapıda !  Önümüzdeki hafta tarihi seviyeye gelecek,https://www.turkiyegazetesi.com.tr/ekonomi/bitcoinde-yeni-rekor-kapida-onumuzdeki-hafta-tarihi-seviyeye-gelecek-1145632,www.turkiyegazetesi.com.tr,,,Turkish
2025-09-13T02:45:00+00:00,2025-09-13,Michael Saylor Mocks S & P 500 Returns After MicroStrategy Snub,https://finance.yahoo.com/news/michael-saylor-mocks-p-500-203101000.html,finance.yahoo.com,,,English
2025-09-13T00:00:00+00:00,2025-09-13,Institutional Tsunami : Billions Pour into Bitcoin as Spot ETFs Ignite a New Era for Cryptocurrency,https://markets.financialcontent.com/stocks/article/marketminute-2025-9-12-institutional-tsunami-billions-pour-into-bitcoin-as-spot-etfs-ignite-a-new-era-for-cryptocurrency,markets.financialcontent.com,,,English
2025-09-13T19:00:00+00:00,2025-09-13,Bitcoinde yeni rekor kapıda !  Önümüzdeki hafta tarihi seviyeye gelecek,https://www.turkiyegazetesi.com.tr/dunya/bitcoinde-yeni-rekor-kapida-onumuzdeki-hafta-tarihi-seviyeye-gelecek-1145632,www.turkiyegazetesi.com.tr,,,Turkish
2025-09-13T02:30:00+00:00,2025-09-13,JPMorgan Just Issued a Warning for MicroStrategy and Other Crypto Treasury Stocks . How Should You Play Them Here ?,https://finance.yahoo.com/news/jpmorgan-just-issued-warning-microstrategy-200117366.html,finance.yahoo.com,,,English
2025-09-13T00:00:00+00:00,2025-09-13,"Bitcoin $115 , 000 Tug - of - War : Whales Accumulate as Market Awaits Next Catalyst",https://markets.financialcontent.com/stocks/article/marketminute-2025-9-12-bitcoins-115000-tug-of-war-whales-accumulate-as-market-awaits-next-catalyst,markets.financialcontent.com,,,English
2025-09-13T15:30:00+00:00,2025-09-13,Prediction : Bitcoin Will Triple by 2030 . Here the Key Catalyst .,https://www.fool.com/investing/2025/09/13/prediction-bitcoin-will-triple-2030-key-catalyst/?source=iedfolrf0000001,www.fool.com,,,English
2025-09-13T13:30:00+00:00,2025-09-13,Prediction : Bitcoin Will Triple by 2030 . Here the Key Catalyst .,https://finance.yahoo.com/news/prediction-bitcoin-triple-2030-heres-121500709.html,finance.yahoo.com,,,English
2025-09-13T03:00:00+00:00,2025-09-13,"CPOP Adds $33M in Bitcoin ; Treasury Move Spurs 56 % Stock Spike , Then Pullback",https://finance.yahoo.com/news/cpop-adds-33m-bitcoin-treasury-205244146.html,finance.yahoo.com,,,English
2025-09-13T13:15:00+00:00,2025-09-13,Get Ready for Alt Season as Traders Eye Fed Cuts : Crypto Daybook Americas,https://finance.yahoo.com/news/ready-alt-season-traders-eye-111500168.html,finance.yahoo.com,,,English
2025-09-13T21:00:00+00:00,2025-09-13,Bitcoin . com Fundraiser for Charlie Kirk Family Following Fatal Attack,https://www.coinspeaker.com/bitcoin-com-fundraiser-for-charlie-kirks-family-following-fatal-attack/,www.coinspeaker.com,,,English
2025-09-13T02:00:00+00:00,2025-09-13,"Inflation - Adjusted Gold Price Hits Record High Above $3 , 635 ; Is Bitcoin Next ?",https://finance.yahoo.com/news/inflation-adjusted-gold-price-hits-185401716.html,finance.yahoo.com,,,English
2025-09-13T11:15:00+00:00,2025-09-13,Arthur Hayes Predicts Major Crypto Market Rally With Trump Economic Boost,https://www.coinspeaker.com/arthur-hayes-predicts-major-crypto-market-rally-with-trumps-economic-boost/,www.coinspeaker.com,,,English
2025-09-13T14:00:00+00:00,2025-09-13,How Ethereum Could Help You Retire a Millionaire,https://www.fool.com/investing/2025/09/13/how-ethereum-could-help-you-retire-a-millionaire/,www.fool.com,,,English
2025-09-13T13:15:00+00:00,2025-09-13,Gemini Soars 14 % On Nasdaq Debut To Hit $3 . 8B Valuation,https://insidebitcoins.com/news/gemini-surges-14-on-nasdaq-debut-hitting-3-8b-valuation-after-raising-425m,insidebitcoins.com,,,English
2025-09-13T21:45:00+00:00,2025-09-13,"What the Fed Sept . 17 Interest Rate Decision Means for Crypto , Gold and Stocks",https://www.coindesk.com/markets/2025/09/13/fed-s-sept-17-rate-cut-could-spark-short-term-jitters-but-supercharge-bitcoin-gold-and-stocks-long-term,www.coindesk.com,,,English
2025-09-13T00:15:00+00:00,2025-09-13,Wall Street Soars To Records On Fed Rate Bets : What Moving Markets Thursday ?,https://finance.yahoo.com/news/wall-street-soars-records-fed-164534061.html,finance.yahoo.com,,,English
2025-09-13T23:30:00+00:00,2025-09-13,"美의회 , 몰수 비트코인 전략비축 방안 연구 … 제도 구축 속도 [ 투자360 ]",https://biz.heraldcorp.com/article/10574748,biz.heraldcorp.com,,,Korean
2025-09-13T00:30:00+00:00,2025-09-13,美 가상자산 거래소 제미니 상장 첫날 주가 14 % ↑,https://biz.heraldcorp.com/article/10574796,biz.heraldcorp.com,,,Korean
2025-09-13T08:00:00+00:00,2025-09-13,"Bitcoin  Leo Thang  Độ Khó : Thợ Đào Nắm Giữ Kỷ Lục , Liệu Giá Có Bùng Nổ ?",https://motthegioi.vn/bitcoin-leo-thang-do-kho-tho-dao-nam-giu-ky-luc-lieu-gia-co-bung-no/,motthegioi.vn,,,Vietnamese
2025-09-13T08:15:00+00:00,2025-09-13,Chinese Money Enters The Picture as Bitcoin Price Slams $114K,https://finance.yahoo.com/news/chinese-money-enters-picture-bitcoin-030813360.html,finance.yahoo.com,,,English
2025-09-13T11:30:00+00:00,2025-09-13,Arizona Pension Fund Bets on Saylor Bitcoin Ark,https://www.americanthinker.com/articles/2025/09/arizona_s_pension_fund_bets_on_saylor_s_bitcoin_ark.html,www.americanthinker.com,,,English
2025-09-13T17:00:00+00:00,2025-09-13,BexBack Launches 100 % Deposit Bonus Campaign to Boost,https://www.globenewswire.com/news-release/2025/09/13/3149503/0/en/BexBack-Launches-100-Deposit-Bonus-Campaign-to-Boost-Futures-Trading-Accessibility.html,www.globenewswire.com,,,English
2025-09-13T04:00:00+00:00,2025-09-13,마침내  잡코인  에도 볕드나 …  알트코인 지수  연중 최고치 주목,https://www.ddaily.co.kr:443/page/view/2025091309192345033,www.ddaily.co.kr:443,,,Korean
2025-09-13T02:30:00+00:00,2025-09-13,Saylor Strategy rebuffed as S & P 500 sets  higher bar  for crypto firms,https://finance.yahoo.com/news/saylor-strategy-rebuffed-p-500-201922782.html,finance.yahoo.com,,,English
2025-09-13T19:30:00+00:00,2025-09-13,Fineqia Matteo Greco shares insights on crypto ETP trends – ICYMI,https://www.proactiveinvestors.com/companies/news/1078383/fineqia-s-matteo-greco-shares-insights-on-crypto-etp-trends-icymi-1078383.html,www.proactiveinvestors.com,,,English
2025-09-13T22:00:00+00:00,2025-09-13,Ripple Growth Story in 1 Clear Chart | The Motley Fool,https://www.fool.com/investing/2025/09/13/ripples-growth-story-in-1-clear-chart/?source=iedfolrf0000001,www.fool.com,,,English
2025-09-13T21:00:00+00:00,2025-09-13,Ripple Growth Story in 1 Clear Chart,https://finance.yahoo.com/news/ripples-growth-story-1-clear-193100436.html,finance.yahoo.com,,,English
2025-09-13T02:00:00+00:00,2025-09-13,Gemini founders praise Trump administration pro - crypto policies,https://www.foxbusiness.com/media/gemini-co-founders-tout-golden-age-innovation-amid-trumps-pro-crypto-policies,www.foxbusiness.com,,,English
2025-09-13T03:15:00+00:00,2025-09-13,Vàng Lập Kỷ Lục Mới : Liệu Bitcoin Có  Bắt Sóng ?,https://motthegioi.vn/vang-lap-ky-luc-moi-lieu-bitcoin-co-bat-song/,motthegioi.vn,,,Vietnamese
2025-09-13T11:30:00+00:00,2025-09-13,Multicoin聯創 ： SOL或成DAT最佳資產 - 數字經濟,https://www.wenweipo.com/a/202509/13/AP68c53cd0e4b05b8b801919db.html,www.wenweipo.com,,,Chinese
2025-09-13T01:15:00+00:00,2025-09-13,"이더리움 , 하루새 6 % 상승 … 제미니 IPO 성공에 코인 시장  활짝",https://www.edaily.co.kr/News/Read?newsId=01633446642299792&mediaCodeNo=257,www.edaily.co.kr,,,Korean
2025-09-13T02:30:00+00:00,2025-09-13,Dogecoin Is Surging Today -- Is the Cryptocurrency a Buy Right Now ?,https://www.fool.com/investing/2025/09/12/dogecoin-is-surging-today-is-the-cryptocurrency-a/?source=iedfolrf0000001,www.fool.com,,,English
2025-09-13T00:15:00+00:00,2025-09-13,Pop Culture Group share spikes 47 % after new investment strategy,https://finance.yahoo.com/news/pop-culture-group-share-spikes-164212778.html,finance.yahoo.com,,,English
2025-09-13T14:30:00+00:00,2025-09-13,Iso uhka kryptovaluutoille realisoitumassa lähivuosina ? – Kvanttikone mursi salauksen yksinkertaisessa kokeessa,https://www.tekniikkatalous.fi/uutiset/a/b50b7d2a-6568-4152-8349-c99e15f13538,www.tekniikkatalous.fi,,,Finnish
2025-09-13T22:15:00+00:00,2025-09-13,Top Safe - Haven Investments During a Crypto Market Slump,https://finance.yahoo.com/news/top-safe-haven-investments-during-210810331.html,finance.yahoo.com,,,English
2025-09-13T02:45:00+00:00,2025-09-13,Gemini stock briefly spikes 45 % in Nasdaq debut ( GEMI : NASDAQ ),https://seekingalpha.com/news/4494553-gemini-stock-briefly-spikes-45-in-nasdaq-debut,seekingalpha.com,,,English
2025-09-13T20:00:00+00:00,2025-09-13,Bitcoin - Kurs könnte bald dadurch crashen !,https://www.finanznachrichten.de/nachrichten-2025-09/66430197-bitcoin-kurs-koennte-bald-dadurch-crashen-303.htm,www.finanznachrichten.de,,,German
2025-09-13T07:45:00+00:00,2025-09-13,Alhambra Road to Seoul ( 추풍령 ) Korean BBQ AYCE Server & Assistant Supervisor 모집,https://www.radiokorea.com:443/bulletin/bbs/board.php?bo_table=c_jobs&wr_id=4034891,www.radiokorea.com:443,,,Korean
2025-09-13T15:15:00+00:00,2025-09-13,"Dogecoin Price Skyrockets as DOGE Massively Outpaces Bitcoin , Ethereum Gains",https://finance.yahoo.com/news/dogecoin-price-skyrockets-doge-massively-143431900.html,finance.yahoo.com,,,English
2025-09-13T02:15:00+00:00,2025-09-13,"Gemini IPO raises $425M , closes 14 % higher in Nasdaq debut",https://www.fxstreet.com/cryptocurrencies/news/geminis-ipo-raises-425-million-closes-with-14-gain-in-nasdaq-debut-202509122309,www.fxstreet.com,,,English
2025-09-13T04:45:00+00:00,2025-09-13,QuickBooks과 Excel 강의 안내,https://www.radiokorea.com:443/bulletin/bbs/board.php?bo_table=c_jobs&wr_id=4034839,www.radiokorea.com:443,,,Korean
2025-09-13T15:30:00+00:00,2025-09-13,QuickBooks과 Excel 강의 안내,https://www.radiokorea.com:443/bulletin/bbs/board.php?bo_table=c_jobs&wr_id=4034914,www.radiokorea.com:443,,,Korean
2025-09-13T20:30:00+00:00,2025-09-13,"북창동 순두부 ( BCD TOFU HOUSE ) 얼바인 지점에서 함께 하실 서버 , 캐쉬어 모집 합니다 .",https://www.radiokorea.com:443/bulletin/bbs/board.php?bo_table=c_jobs&wr_id=4035050,www.radiokorea.com:443,,,Korean
2025-09-13T08:00:00+00:00,2025-09-13,The Crypto Puzzle,https://www.epw.in:443/journal/h-t-parekh-finance-column/crypto-puzzle.html,www.epw.in:443,,,English
2025-09-13T00:00:00+00:00,2025-09-13,"영어구사가 능통하신 사무직 1명 , 매장에서 화장품 , 건강식품 판매하실 분 2명",https://www.radiokorea.com:443/bulletin/bbs/board.php?bo_table=c_jobs&wr_id=4034698,www.radiokorea.com:443,,,Korean
2025-09-13T05:15:00+00:00,2025-09-13,SIT report on Gaurav Gogoi  Pak link  explosive : CM Sarma,https://www.sentinelassam.com/topheadlines/sit-report-on-gaurav-gogois-pak-link-explosive-cm-sarma,www.sentinelassam.com,,,English
2025-09-13T11:15:00+00:00,2025-09-13,Should You Forget Bitcoin and Buy XRP ( Ripple ) Instead ?,https://finance.yahoo.com/news/forget-bitcoin-buy-xrp-ripple-093000033.html,finance.yahoo.com,,,English
2025-09-13T01:45:00+00:00,2025-09-13,"Duluth , GA Trucking Operation Manager 모집",https://www.radiokorea.com:443/bulletin/bbs/board.php?bo_table=c_jobs&wr_id=4034798,www.radiokorea.com:443,,,Korean
2025-09-13T20:30:00+00:00,2025-09-13,부동산 감정평가사 보조 ( Real estate appraisal assistance ) 구인,https://www.radiokorea.com:443/bulletin/bbs/board.php?bo_table=c_jobs&wr_id=4035049,www.radiokorea.com:443,,,Korean
2025-09-13T04:15:00+00:00,2025-09-13,미국 가상자산 거래소 제미니 상장 첫날 주가 14 % ↑,https://heraldk.com/2025/09/12/%e7%be%8e-%ea%b0%80%ec%83%81%ec%9e%90%ec%82%b0-%ea%b1%b0%eb%9e%98%ec%86%8c-%ec%a0%9c%eb%af%b8%eb%8b%88-%ec%83%81%ec%9e%a5-%ec%b2%ab%eb%82%a0-%ec%a3%bc%ea%b0%80-14%e2%86%91/,heraldk.com,,,Korean
2025-09-13T19:30:00+00:00,2025-09-13,또 다른 문을 열어 드립니다,https://www.radiokorea.com:443/bulletin/bbs/board.php?bo_table=c_jobs&wr_id=4035011,www.radiokorea.com:443,,,Korean
2025-09-13T08:45:00+00:00,2025-09-13,Global X Blockchain & Bitcoin Strategy ETF ( NASDAQ : BITS ) Sees Significant Drop in Short Interest,https://www.tickerreport.com/banking-finance/13147961/global-x-blockchain-bitcoin-strategy-etf-nasdaqbits-sees-significant-drop-in-short-interest.html,www.tickerreport.com,,,English
2025-09-13T23:30:00+00:00,2025-09-13,한중일 다 잘나간다 … 동아시아 3국 증시 사상 최고치 경신한 이유 [ 투자360 ],https://biz.heraldcorp.com/article/10574673,biz.heraldcorp.com,,,Korean
2025-09-13T01:15:00+00:00,2025-09-13,BCD Tofu House Irvine 지점 – 주간 / 야간 / 파트타임 ( 가능 ) 서버 모집,https://www.radiokorea.com:443/bulletin/bbs/board.php?bo_table=c_jobs&wr_id=4034783,www.radiokorea.com:443,,,Korean
2025-09-13T00:00:00+00:00,2025-09-13,직원 모집,https://www.radiokorea.com:443/bulletin/bbs/board.php?bo_table=c_jobs&wr_id=4034718,www.radiokorea.com:443,,,Korean
2025-09-13T00:15:00+00:00,2025-09-13,온라인 리테일 회사에서 웨어하우스 직원 Warehouse Staff 모집합니다 .,https://www.radiokorea.com:443/bulletin/bbs/board.php?bo_table=c_jobs&wr_id=4034733,www.radiokorea.com:443,,,Korean
2025-09-13T20:00:00+00:00,2025-09-13,Bitcoin - Prognose : Prominente Experten sehen Kurs bei einer Million Dollar,https://www.finanznachrichten.de/nachrichten-2025-09/66430194-bitcoin-prognose-prominente-experten-sehen-kurs-bei-einer-million-dollar-303.htm,www.finanznachrichten.de,,,German
2025-09-13T02:30:00+00:00,2025-09-13,채용공고 Product Coordinator ( Field Operations & Scheduling ),https://www.radiokorea.com:443/bulletin/bbs/board.php?bo_table=c_jobs&wr_id=4034789,www.radiokorea.com:443,,,Korean
2025-09-13T18:15:00+00:00,2025-09-13,Bitcoin and Ethereum ETFs roar back adding nearly $3bn last week,https://biztoc.com/x/79103163aa187a89,biztoc.com,,,English
2025-09-13T03:00:00+00:00,2025-09-13,بيتكوين فوق 116 ألف دولار | المنتصف نت,https://www.almontasaf.net/news126509.html,www.almontasaf.net,,,Arabic
2025-09-13T06:45:00+00:00,2025-09-13,캘리포니아 미주 방위군 California Army National Guard은 여러분의 기회 입니다 !,https://www.radiokorea.com:443/bulletin/bbs/board.php?bo_table=c_jobs&wr_id=4034860,www.radiokorea.com:443,,,Korean
2025-09-13T14:30:00+00:00,2025-09-13,135년 역사의 우드맨 라이프 인재 모집,https://www.radiokorea.com:443/bulletin/bbs/board.php?bo_table=c_jobs&wr_id=4034912,www.radiokorea.com:443,,,Korean
2025-09-13T17:30:00+00:00,2025-09-13,캘리포니아 미주 방위군 California Army National Guard은 여러분의 기회 입니다 !,https://www.radiokorea.com:443/bulletin/bbs/board.php?bo_table=c_jobs&wr_id=4034967,www.radiokorea.com:443,,,Korean
2025-09-13T11:00:00+00:00,2025-09-13,Active Energy £2 . 5m raise fuels renewables push - ICYMI,https://www.proactiveinvestors.co.uk/companies/news/1078355/active-energy-s-2-5m-raise-fuels-renewables-push-icymi-1078355.html,www.proactiveinvestors.co.uk,,,English
2025-09-13T18:30:00+00:00,2025-09-13,The dangerous double standard in Trump drug policy | PennLive letters,https://www.pennlive.com/opinion/2025/09/the-dangerous-double-standard-in-trumps-drug-policy-pennlive-letters.html,www.pennlive.com,,,English
2025-09-13T14:15:00+00:00,2025-09-13,Суд Грузии арестовал счета родителей экс - партнера Иванишвили по делу о краже биткойнов,https://sputnik-georgia.ru/20250913/sud-gruzii-arestoval-scheta-roditeley-eks-partnera-ivanishvili-po-delu-o-krazhe-bitkoynov-294921545.html,sputnik-georgia.ru,,,Russian
2025-09-13T09:00:00+00:00,2025-09-13,Crypto Pundits Retain Bullish Bitcoin Outlook as Fed Rate Cut Hopes Clash With Stagflation Fears,https://finance.yahoo.com/news/crypto-pundits-retain-bullish-bitcoin-043401741.html,finance.yahoo.com,,,English
2025-09-13T15:30:00+00:00,2025-09-13,Anonym znovu hrozí otrávením balené vody ricinem,https://www.idnes.cz/zpravy/domaci/vyhruzka-balena-voda-anonym-ricin-policie-vysetrovani.A250913_163927_domaci_zdo,www.idnes.cz,,,Czech
2025-09-13T21:45:00+00:00,2025-09-13,Gemini Stock ( $GEMI ) Surges 14 % on IPO Debut ; Winklevoss Brothers Predict $1M Bitcoin,https://biztoc.com/x/83b3e65b11d7e289,biztoc.com,,,English
2025-09-13T20:30:00+00:00,2025-09-13,Donald Trump faith : Good deeds alone do not guarantee salvation,https://www.smh.com.au/lifestyle/life-and-relationships/all-of-his-big-beautiful-good-deeds-won-t-get-trump-into-heaven-20250911-p5mubp.html,www.smh.com.au,,,English
2025-09-13T22:15:00+00:00,2025-09-13,Donald Trump faith : Good deeds alone do not guarantee salvation,https://www.theage.com.au/lifestyle/life-and-relationships/all-of-his-big-beautiful-good-deeds-won-t-get-trump-into-heaven-20250911-p5mubp.html,www.theage.com.au,,,English
2025-09-13T21:00:00+00:00,2025-09-13,Donald Trump faith : Good deeds alone do not guarantee salvation,https://www.brisbanetimes.com.au/lifestyle/life-and-relationships/all-of-his-big-beautiful-good-deeds-won-t-get-trump-into-heaven-20250911-p5mubp.html,www.brisbanetimes.com.au,,,English
2025-09-13T01:15:00+00:00,2025-09-13,布袋空屋電費暴增25萬元烏龍原因曝光 台電澄清僅特例並推新制 | 雲嘉南 | 地方,https://udn.com/news/story/7326/9002375,udn.com,,,Chinese
2025-09-13T00:15:00+00:00,2025-09-13,Why Did Dogecoin ( DOGE ) Jump Today ? | The Motley Fool,https://www.fool.com/investing/2025/09/12/why-did-dogecoin-doge-jump-today/?source=iedfolrf0000001,www.fool.com,,,English
2025-09-13T09:00:00+00:00,2025-09-13,2 AI Growth Stocks That Could Soar for the Next 3 Years,https://www.fool.com/investing/2025/09/13/2-ai-growth-stocks-soar-next-3-years/,www.fool.com,,,English
2025-09-13T12:30:00+00:00,2025-09-13,Here Why October Will Be Critical for XRP,https://www.fool.com/investing/2025/09/13/heres-why-october-will-be-critical-for-xrp/?source=iedfolrf0000001,www.fool.com,,,English
2025-09-13T22:30:00+00:00,2025-09-13,جريدة النهار الكويتية | « بيتكوين » تتصدر المستفيدين من خفض الفائدة,https://www.annaharkw.com/annahar/Article.aspx?id=1028641,www.annaharkw.com,,,Arabic
2025-09-13T02:45:00+00:00,2025-09-13,BlackRock looking to tokenize ETF shares to expand its digital asset infrastructure,https://finance.yahoo.com/news/blackrock-looking-tokenize-etf-shares-203018456.html,finance.yahoo.com,,,English
2025-09-13T18:15:00+00:00,2025-09-13,התקיפה בדוחא : ההימור הפרוע שהפך את נתניהו לטייס חסר רסן,https://news.walla.co.il/item/3780215,news.walla.co.il,,,Hebrew
2025-09-13T08:45:00+00:00,2025-09-13,"Bitcoin , Dogecoin , Ethereum & Co . am Vormittag",https://www.finanzen.net/nachricht/devisen/bitcoin-dogecoin-ethereum-co-am-vormittag-14824456,www.finanzen.net,,,German
2025-09-13T16:00:00+00:00,2025-09-13,"Bitcoin , Dogecoin , Ethereum & Co . am Nachmittag",https://www.finanzen.net/nachricht/devisen/bitcoin-dogecoin-ethereum-co-am-nachmittag-14825173,www.finanzen.net,,,German
2025-09-13T00:00:00+00:00,2025-09-13,From Bitcoin Skeptic to Digital Asset Champion : Trump Crypto Reversal Rocks the Market,https://markets.financialcontent.com/stocks/article/marketminute-2025-9-12-from-bitcoin-skeptic-to-digital-asset-champion-trumps-crypto-reversal-rocks-the-market,markets.financialcontent.com,,,English
2025-09-13T06:30:00+00:00,2025-09-13,"길거리에서 CA 정부 무료 Benefit 영업하는 일 .., 적극적으로 일할 분만 모집 .! 스스로 정직하게 일하면 돈되는 일 .!",https://www.radiokorea.com:443/bulletin/bbs/board.php?bo_table=c_jobs&wr_id=4034871,www.radiokorea.com:443,,,Korean
2025-09-13T02:30:00+00:00,2025-09-13,SEC Pushes Decision on Franklin Solana ETF to Nov . 14 as Backlog Grows,https://finance.yahoo.com/news/sec-pushes-decision-franklin-solana-201600053.html,finance.yahoo.com,,,English
2025-09-13T17:00:00+00:00,2025-09-13,Bitdeer ( BTDR ) Soars 14 % as Bitcoin Mining Ops Jump in Aug,https://finance.yahoo.com/news/bitdeer-btdr-soars-14-bitcoin-160052770.html,finance.yahoo.com,,,English
2025-09-13T02:00:00+00:00,2025-09-13,Top news headlines for school assembly : September 13,https://www.indiatoday.in/education-today/news/story/top-news-headlines-for-school-assembly-september-13-2786475-2025-09-13,www.indiatoday.in,,,English
2025-09-13T11:30:00+00:00,2025-09-13,"Bitcoin , Ether & Co : So schlagen sich die Kryptowährungen am Samstagmittag",https://www.finanzen.net/nachricht/devisen/bitcoin-ether-co-so-schlagen-sich-die-kryptowaehrungen-am-samstagmittag-14824681,www.finanzen.net,,,German
2025-09-13T09:00:00+00:00,2025-09-13,"Bitcoin , Dogecoin , Ethereum & Co . am Vormittag",https://www.finanzen.ch/nachrichten/devisen/bitcoin-dogecoin-ethereum-&-co-am-vormittag-1035142229,www.finanzen.ch,,,German
2025-09-13T02:30:00+00:00,2025-09-13,Show da Luna  e Tiquequê se apresentam em SP - 12 / 09 / 2025 - Teatro,https://guia.folha.uol.com.br/teatro/2025/09/show-da-luna-e-grupo-tiqueque-se-apresentam-em-sao-paulo-no-fim-de-semana.shtml,guia.folha.uol.com.br,,,Portuguese
2025-09-13T16:00:00+00:00,2025-09-13,"3 Ways To Protect Your Money From Inflation , According to an Expert",https://finance.yahoo.com/news/3-ways-protect-money-inflation-152748755.html,finance.yahoo.com,,,English
2025-09-13T00:00:00+00:00,2025-09-13,全球最大美元稳定币发行商终于  进军  美国 推出合规稳定币 _ 凤凰网,https://finance.ifeng.com/c/8mbhOdKtyiT,finance.ifeng.com,,,Chinese
2025-09-13T19:00:00+00:00,2025-09-13,Neznámý pachatel opět vyhrožuje otravou vody . Policie : Panika není na místě,https://www.denik.cz/krimi/vyhruzky-otrava-vody-ricin.html,www.denik.cz,,,Czech
2025-09-13T05:15:00+00:00,2025-09-13,"Trump Admin Pushes G7 , EU To Slap Tariffs On China And India Over Russian Oil Purchase To  End The Senseless Killing  In Ukraine",https://www.benzinga.com/news/politics/25/09/47655554/trump-admin-pushes-g7-eu-to-slap-tariffs-on-china-and-india-over-russian-oil-purchase-to-end-the-se,www.benzinga.com,,,English
2025-09-13T03:00:00+00:00,2025-09-13,"Trump Admin Pushes G7 , EU To Slap Tariffs On China And India Over Russian Oil Purchase To  End The Senseless Killing  In Ukraine",https://www.benzinga.com/news/politics/25/09/47655554/trump-admin-pushes-g7-eu-to-slap-tariffs-on-china-and-india-over-russian-oil-purchase-to-end-the-senseless-killing-in-ukraine,www.benzinga.com,,,English
2025-09-13T02:45:00+00:00,2025-09-13,"Solana Golden Cross Sparks 14 % Gains as Chinese Firm Allocates $20M to BTC , ETH and SOL",https://finance.yahoo.com/news/solana-golden-cross-sparks-14-203346795.html,finance.yahoo.com,,,English
2025-09-13T03:00:00+00:00,2025-09-13,Solana Treasury Firms Boost Holdings to 6 . 5M SOL as Upexi Posts 126 % Surge,https://finance.yahoo.com/news/solana-treasury-firms-boost-holdings-210719703.html,finance.yahoo.com,,,English
2025-09-13T09:00:00+00:00,2025-09-13,Crypto Exchange Gemini Raises $425M In Heavily Oversubscribed IPO,https://finance.yahoo.com/news/crypto-exchange-gemini-raises-425m-040429554.html,finance.yahoo.com,,,English
2025-09-13T12:15:00+00:00,2025-09-13,CleanCore Hires Marco Margiotta Months After Quietly Settling CEO Lawsuit,https://finance.yahoo.com/news/cleancore-hires-marco-margiotta-months-101526221.html,finance.yahoo.com,,,English
2025-09-13T13:15:00+00:00,2025-09-13,"Ondo Price Prediction for Today , September 13 – InsideBitcoins",https://insidebitcoins.com/sponsored/ondo-price-prediction-for-today-september-13-ondo-technical-analysis,insidebitcoins.com,,,English
2025-09-13T02:30:00+00:00,2025-09-13,Why Iren Limited Stock Surged Over 25 % This Week,https://finance.yahoo.com/news/why-iren-limited-stock-surged-201700657.html,finance.yahoo.com,,,English
2025-09-13T11:45:00+00:00,2025-09-13,"Strive , Inc . Announces Completion of Merger Between Asset Entities and Strive Enterprises , Inc .",https://www.citynewsokc.com/online_features/press_releases/strive-inc-announces-completion-of-merger-between-asset-entities-and-strive-enterprises-inc/article_131d9521-d648-596e-998f-2f8b76400173.html,www.citynewsokc.com,,,English
2025-09-13T14:00:00+00:00,2025-09-13,"A New Chapter for XRP : Investors No Longer Fear , Earning $2 , 960 Daily Through EARN MINING Cloud Mining",https://haligonia.ca/a-new-chapter-for-xrp-investors-no-longer-fear-earning-2960-daily-through-earn-mining-cloud-mining-313382/,haligonia.ca,,,English
2025-09-13T08:15:00+00:00,2025-09-13,"Im a fund manager ... this is the one share Id hold for the next decade , says Mercantile Trust Guy Anderson",https://www.dailymail.co.uk/money/investing/article-15076381/Im-fund-manager-one-share-Id-hold-decade-says-Mercantile-Trusts-Guy-Anderson.html,www.dailymail.co.uk,,,English
2025-09-13T10:30:00+00:00,2025-09-13,"Im a fund manager ... this is the one share Id hold for the next decade , says Mercantile Trust Guy Anderson",https://www.thisismoney.co.uk/money/investing/article-15076381/Im-fund-manager-one-share-Id-hold-decade-says-Mercantile-Trusts-Guy-Anderson.html,www.thisismoney.co.uk,,,English
2025-09-13T20:30:00+00:00,2025-09-13,Ether Vs Bitcoin Treasuries : Which Strategy Is Winning In 2025 ?,https://biztoc.com/x/840c09e1bf4def14,biztoc.com,,,English
2025-09-13T22:15:00+00:00,2025-09-13,Top Safe - Haven Investments During a Crypto Market Slump,https://biztoc.com/x/46764aa4d6c10bcd,biztoc.com,,,English
2025-09-13T11:30:00+00:00,2025-09-13,Crypto Market Gains Momentum Amid Inflows and Policy Shifts,https://www.riotimesonline.com/crypto-market-gains-momentum-amid-inflows-and-policy-shifts/,www.riotimesonline.com,,,English
2025-09-13T18:45:00+00:00,2025-09-13,"Петя вернулся : обнаружен опасный вирус - вымогатель HybridPetya , который обходит UEFI Secure Boot",https://3dnews.ru/1129210/petya-vernulsya-obnarugen-opasniy-virusvimogatel-hybridpetya-kotoriy-obhodit-uefi-secure-boot,3dnews.ru,,,Russian
2025-09-13T18:15:00+00:00,2025-09-13,Memecoins Rally as Traders Bet on Fed Rate Cut and U . S . Altcoin ETFs,https://biztoc.com/x/7721cb92bcfc3751,biztoc.com,,,English
2025-09-13T19:30:00+00:00,2025-09-13,Where Do CBDCs Stand In The Hierarchy Of Money ?,https://www.forbes.com/sites/vipinbharathan/2025/09/13/where-do-cbdcs-stand-in-the-hierarchy-of-money/,www.forbes.com,,,English
2025-09-13T21:00:00+00:00,2025-09-13,Chainlink Price Analysis : Open Interest Stalls Below $2B Despite Polymarket Partnership,https://www.coinspeaker.com/chainlink-price-analysis-open-interest-stalls-below-2b-despite-polymarket-partnership/,www.coinspeaker.com,,,English
2025-09-13T22:00:00+00:00,2025-09-13,Dogecoin Breaks Out : Is $0 . 50 Next for the Meme King ?,https://bravenewcoin.com/insights/dogecoin-breaks-out-is-0-50-next-for-the-meme-king,bravenewcoin.com,,,English
2025-09-13T11:15:00+00:00,2025-09-13,На банковские счета родителей Георгия Бачиашвили и на его активы наложен арест,https://www.ekhokavkaza.com/a/na-bankovskie-scheta-roditeley-georgiya-bachiashvili-i-na-ego-aktivy-nalozhen-arest/33529477.html,www.ekhokavkaza.com,,,Russian
2025-09-13T14:00:00+00:00,2025-09-13,Trump Media General Counsel Sold Every Share He Could Becoming Second Insider To Cut Stake,https://www.forbes.com/sites/zacheverson/2025/09/12/trump-media-djt-stock-price-sells-shares/,www.forbes.com,,,English
2025-09-13T11:30:00+00:00,2025-09-13,"Krypto News : Bitcoin - Spot - ETFs verzeichnen 1 , 7 Milliarden Dollar Zuflüsse in einer Woche",https://www.finanzen.net/nachricht/devisen/krypto-news-bitcoin-spot-etfs-verzeichnen-1-7-milliarden-dollar-zufluesse-in-einer-woche-14824716,www.finanzen.net,,,German
2025-09-13T04:45:00+00:00,2025-09-13,LiveNews . co . nz | Page 1034,https://livenews.co.nz/page/1034/,livenews.co.nz,,,English
2025-09-13T02:00:00+00:00,2025-09-13,Winklevoss twins grow $3 billion richer as crypto - trading company Gemini stock trades higher,https://www.morningstar.com/news/marketwatch/20250912515/winklevoss-twins-grow-3-billion-richer-as-crypto-trading-company-geminis-stock-trades-higher,www.morningstar.com,,,English
2025-09-13T00:15:00+00:00,2025-09-13,T - Bill Breakdown Sign of Trouble,https://www.howestreet.com/2025/09/t-bill-breakdown-sign-of-trouble-bob-hoye/,www.howestreet.com,,,English
2025-09-13T21:15:00+00:00,2025-09-13,Investitorii individuali se întorc către SUA pe fondul reînnoirii încrederii în piață,https://www.capital.ro/investitorii-individuali-se-intorc-catre-sua-pe-fondul-reinnoirii-increderii-in-piata.html,www.capital.ro,,,Romanian
2025-09-13T03:00:00+00:00,2025-09-13,Polymarket Partners with Chainlink to Improve Market Resolution Accuracy,https://bravenewcoin.com/insights/polymarket-partners-with-chainlink-to-improve-market-resolution-accuracy,bravenewcoin.com,,,English
2025-09-13T13:15:00+00:00,2025-09-13,XBIT Wallet揭露加密市场最新底层逻辑 _ 中华网,https://m.tech.china.com/redian/2025/0913/092025_1731386.html,m.tech.china.com,,,Chinese
2025-09-13T17:30:00+00:00,2025-09-13,3 Reasons The Growth Of DeFi Is Lagging Among Institutions,https://www.forbes.com/sites/digital-assets/2025/09/13/3-reasons-the-growth-of-defi-is-lagging-among-institutions/,www.forbes.com,,,English
2025-09-13T06:00:00+00:00,2025-09-13,„ Organizovaný zločin . Babiš rozstřelil pivo Fialy a Rakušana | ParlamentniListy . cz – politika ze všech stran,https://www.parlamentnilisty.cz/arena/monitor/-Organizovany-zlocin-Babis-rozstrelil-pivo-Fialy-a-Rakusana-779764,www.parlamentnilisty.cz,,,Czech
2025-09-13T08:45:00+00:00,2025-09-13,"BNB Technical Outlook and Price Forecast for September 13 , 2025",https://insidebitcoins.com/sponsored/bnb-technical-outlook-and-price-forecast-for-september-13-2025,insidebitcoins.com,,,English
2025-09-13T00:15:00+00:00,2025-09-13,"Waverly woman loses $4 , 000 after scammer claims her card was used to buy child porn",https://www.klkntv.com/waverly-woman-loses-4000-after-scammer-claims-her-card-was-used-to-buy-child-porn/,www.klkntv.com,,,English
2025-09-13T07:15:00+00:00,2025-09-13,"Aktien , Gold , Bitcoin : Es hängt an der US - Notenbank",https://www.onvista.de/news/2025/09-13-kolumne-alexander-mayer-es-haengt-an-der-usnotenbank-124-49-26429305,www.onvista.de,,,German
2025-09-13T03:15:00+00:00,2025-09-13,130 лет : узбечка Хувайдо Умарова признана старейшей жительницей планеты,https://www.trud.ru/article/12-09-2025/1741691_130_let_uzbechka_xuvajdo_umarova_priznana_starejshej_zhitelnitsej_planety.html,www.trud.ru,,,Russian
2025-09-13T17:30:00+00:00,2025-09-13,What It Was Like Without A Fed,https://www.forbes.com/sites/briandomitrovic/2025/09/13/what-it-was-like-without-a-fed/,www.forbes.com,,,English
2025-09-13T08:45:00+00:00,2025-09-13,Big Tech energy - hungry data centers could be bumped off grids during emergencies,https://abcnews.go.com/Technology/wireStory/big-techs-energy-hungry-data-centers-bumped-off-125533445,abcnews.go.com,,,English
2025-09-13T19:45:00+00:00,2025-09-13,US electric grids under pressure from energy - hungry data centers are changing strategy,https://www.chicagotribune.com/2025/09/13/us-electric-grids-data-centers/,www.chicagotribune.com,,,English
2025-09-13T21:15:00+00:00,2025-09-13,US electric grids under pressure from energy - hungry data centers are changing strategy,https://www.ksl.com:443/article/51374588/us-electric-grids-under-pressure-from-energy-hungry-data-centers-are-changing-strategy,www.ksl.com:443,,,English
2025-09-13T04:45:00+00:00,2025-09-13,Big Techs energy - hungry data centers could be bumped off grids during power emergencies,https://www.livemint.com/technology/tech-news/big-techs-energy-hungry-data-centers-could-be-bumped-off-grids-during-power-emergencies-11757736407481.html,www.livemint.com,,,English
2025-09-13T19:15:00+00:00,2025-09-13,Data centers unpopular due to eco effect despite innovation,https://www.pilotonline.com/2025/09/13/data-centers-controversy/,www.pilotonline.com,,,English
2025-09-13T15:15:00+00:00,2025-09-13,US electric grids under pressure from energy - hungry data centers are changing strategy,https://buffalonews.com/business/article_1c7c9432-3bbd-594b-8bb6-24664d42716d.html,buffalonews.com,,,English
2025-09-13T05:15:00+00:00,2025-09-13,Big Tech energy - hungry data centers could be bumped off grids during power emergencies,https://mynorthwest.com/national/big-techs-energy-hungry-data-centers-could-be-bumped-off-grids-during-power-emergencies/4131215,mynorthwest.com,,,English
2025-09-13T06:45:00+00:00,2025-09-13,Big Tech energy - hungry data centers could be bumped off grids during power emergencies,https://www.news4jax.com/business/2025/09/13/big-techs-energy-hungry-data-centers-could-be-bumped-off-grids-during-power-emergencies/,www.news4jax.com,,,English
2025-09-13T05:15:00+00:00,2025-09-13,Big Tech energy - hungry data centers could be bumped off grids during power emergencies,https://www.wfmz.com/business/big-techs-energy-hungry-data-centers-could-be-bumped-off-grids-during-power-emergencies/article_2d470e06-00bf-558f-99f0-4b3fd825b2ae.html,www.wfmz.com,,,English
2025-09-13T10:00:00+00:00,2025-09-13,US electric grids under pressure from energy - hungry data centers are changing strategy,https://www.wfmz.com/business/us-electric-grids-under-pressure-from-energy-hungry-data-centers-are-changing-strategy/article_2d470e06-00bf-558f-99f0-4b3fd825b2ae.html,www.wfmz.com,,,English
2025-09-13T18:00:00+00:00,2025-09-13,US electric grids under pressure from energy - hungry data centers are changing strategy,https://lancasteronline.com/business/technology/us-electric-grids-under-pressure-from-energy-hungry-data-centers-are-changing-strategy/article_3de8d792-af78-5758-a892-74c926691877.html,lancasteronline.com,,,English
2025-09-13T18:30:00+00:00,2025-09-13,US electric grids under pressure from energy - hungry data centers are changing strategy,https://www.wdrb.com/news/national/us-electric-grids-under-pressure-from-energy-hungry-data-centers-are-changing-strategy/article_18ce0f1c-bef0-5fb8-bada-0b7ccc6d670c.html,www.wdrb.com,,,English
2025-09-13T07:45:00+00:00,2025-09-13,Big Tech energy - hungry data centers could be bumped off grids during power emergencies,https://www.journal-news.com/news/ohio/big-techs-energy-hungry-data-centers-could-be-bumped-off-grids-during-power-emergencies/YV5OPVLD5RPIDIG2LIAXOEPENM/,www.journal-news.com,,,English
2025-09-13T17:30:00+00:00,2025-09-13,Data centers unpopular due to eco effect despite innovation,https://www.dailypress.com/2025/09/13/data-centers-controversy/,www.dailypress.com,,,English
2025-09-13T06:15:00+00:00,2025-09-13,Big Tech energy - hungry data centers could be bumped off grids during power emergencies,https://www.yahoo.com/news/articles/big-techs-energy-hungry-data-040203489.html,www.yahoo.com,,,English
2025-09-13T05:15:00+00:00,2025-09-13,Gemini纳斯达克上市 ： 市值38亿美元 创始人曾低价囤积12万枚比特币 _ 创事记 _ 新浪科技 _ 新浪网,https://finance.sina.com.cn/tech/csj/2025-09-13/doc-infqimap2003761.shtml,finance.sina.com.cn,,,Chinese
2025-09-13T15:30:00+00:00,2025-09-13,"US Energy Grids Adapt as Data Centers Strain Power Supply , ETTelecom",https://telecom.economictimes.indiatimes.com/news/internet/us-energy-grids-adapt-as-data-centers-strain-power-supply/123870130,telecom.economictimes.indiatimes.com,,,English
2025-09-13T11:30:00+00:00,2025-09-13,Why the SEC is the Strangest Athletic Conference in America,https://www.americanthinker.com/articles/2025/09/why_the_sec_is_the_strangest_athletic_conference_in_america.html,www.americanthinker.com,,,English
2025-09-13T22:15:00+00:00,2025-09-13,States try to manage hungry data centers and weak electric grids,https://www.wfaa.com/article/news/nation-world/electric-grids-pressure-data-centers/507-4685169c-4f14-4bc2-9fe7-b9b716725e9a,www.wfaa.com,,,English
2025-09-13T09:00:00+00:00,2025-09-13,Big Tech energy - hungry data centers could be bumped off grids during power emergencies,https://ktar.com/national-news/big-techs-energy-hungry-data-centers-could-be-bumped-off-grids-during-power-emergencies/5749568/,ktar.com,,,English
2025-09-13T22:30:00+00:00,2025-09-13,States try to manage hungry data centers and weak electric grids,https://www.king5.com/article/news/nation-world/electric-grids-pressure-data-centers/507-4685169c-4f14-4bc2-9fe7-b9b716725e9a,www.king5.com,,,English
2025-09-13T22:00:00+00:00,2025-09-13,States try to manage hungry data centers and weak electric grids,https://www.wtsp.com/article/news/nation-world/electric-grids-pressure-data-centers/507-4685169c-4f14-4bc2-9fe7-b9b716725e9a,www.wtsp.com,,,English
2025-09-13T21:45:00+00:00,2025-09-13,States try to manage hungry data centers and weak electric grids,https://www.kare11.com/article/news/nation-world/electric-grids-pressure-data-centers/507-4685169c-4f14-4bc2-9fe7-b9b716725e9a,www.kare11.com,,,English
2025-09-13T08:00:00+00:00,2025-09-13,US electric grids under pressure from energy - hungry data centers are changing strategy,https://isp.netscape.com/pf/story/0001/20250913/46b42f141d0301d4c59314cc90e3eab5,isp.netscape.com,,,English
2025-09-13T21:45:00+00:00,2025-09-13,Power grids in US face pressure from data centers – NBC Connecticut,https://www.nbcconnecticut.com/news/national-international/us-electric-grids-under-pressure-energy-hungry-data-centers/3637624/,www.nbcconnecticut.com,,,English
2025-09-13T11:45:00+00:00,2025-09-13,US electric grids under pressure from energy - hungry data centers are changing strategy,https://www.whec.com/ap-top-news/us-electric-grids-under-pressure-from-energy-hungry-data-centers-are-changing-strategy/,www.whec.com,,,English
2025-09-13T22:15:00+00:00,2025-09-13,States try to manage hungry data centers and weak electric grids,https://www.cbs8.com/article/news/nation-world/electric-grids-pressure-data-centers/507-4685169c-4f14-4bc2-9fe7-b9b716725e9a,www.cbs8.com,,,English
2025-09-13T22:30:00+00:00,2025-09-13,States try to manage hungry data centers and weak electric grids,https://www.13newsnow.com/article/news/nation-world/electric-grids-pressure-data-centers/507-4685169c-4f14-4bc2-9fe7-b9b716725e9a,www.13newsnow.com,,,English
2025-09-13T21:45:00+00:00,2025-09-13,States try to manage hungry data centers and weak electric grids,https://www.ktvb.com/article/news/nation-world/electric-grids-pressure-data-centers/507-4685169c-4f14-4bc2-9fe7-b9b716725e9a,www.ktvb.com,,,English
2025-09-13T22:00:00+00:00,2025-09-13,Hacker Exploits Claude AI to Automate Cyberattacks on 17 Companies,https://www.webpronews.com/hacker-exploits-claude-ai-to-automate-cyberattacks-on-17-companies/,www.webpronews.com,,,English
2025-09-13T09:15:00+00:00,2025-09-13,Big Tech energy - hungry data centers could be bumped off grids during power emergencies,https://www.durangoherald.com/articles/big-techs-energy-hungry-data-centers-could-be-bumped-off-grids-during-power-emergencies/,www.durangoherald.com,,,English
2025-09-13T02:45:00+00:00,2025-09-13,法国突发 ！ 惠誉下调法国主权信用评级 _ 东方财富网,https://finance.eastmoney.com/a/202509133512873560.html,finance.eastmoney.com,,,Chinese
2025-09-13T22:30:00+00:00,2025-09-13,States try to manage hungry data centers and weak electric grids,https://www.wzzm13.com/article/news/nation-world/electric-grids-pressure-data-centers/507-4685169c-4f14-4bc2-9fe7-b9b716725e9a,www.wzzm13.com,,,English
2025-09-13T15:00:00+00:00,2025-09-13,Cryptocurrency Exchange Platform Market : Driving the Future of Digital Trading,https://www.briefingwire.com/pr/cryptocurrency-exchange-platform-market-driving-the-future-of-digital-trading,www.briefingwire.com,,,English
2025-09-13T21:45:00+00:00,2025-09-13,US electric grids are changing strategy,https://www.journalgazette.net/business/us-electric-grids-are-changing-strategy/article_bc91adeb-a5c9-5cb0-a63e-29f16b97b1b6.html,www.journalgazette.net,,,English
2025-09-13T18:15:00+00:00,2025-09-13,Plinko Game & the Best Crypto Casino Experience : How to Earn Crypto Playing Games in 2025 – Padovanews,https://www.padovanews.it/2025/09/13/plinko-game-the-best-crypto-casino-experience-how-to-earn-crypto-playing-games-in-2025/,www.padovanews.it,,,English
2025-09-13T22:00:00+00:00,2025-09-13,States try to manage hungry data centers and weak electric grids,https://www.abc10.com/article/news/nation-world/electric-grids-pressure-data-centers/507-4685169c-4f14-4bc2-9fe7-b9b716725e9a,www.abc10.com,,,English
2025-09-13T07:15:00+00:00,2025-09-13,Big Tech energy - hungry data centers could be bumped off grids during power emergencies,https://www.gjsentinel.com/news/us/big-techs-energy-hungry-data-centers-could-be-bumped-off-grids-during-power-emergencies/article_5c52c081-ba77-51d6-b535-6354fdcb3fa9.html,www.gjsentinel.com,,,English
2025-09-13T11:15:00+00:00,2025-09-13,US electric grids under pressure from energy - hungry data centers are changing strategy,https://techxplore.com/news/2025-09-electric-grids-pressure-energy-hungry.html,techxplore.com,,,English
2025-09-13T08:15:00+00:00,2025-09-13,Big Tech energy - hungry data centers could be bumped off grids during power emergencies,https://www.somdnews.com/ap/nation/big-techs-energy-hungry-data-centers-could-be-bumped-off-grids-during-power-emergencies/article_56866363-52c7-5ea9-9f4c-0435dcab65b5.html,www.somdnews.com,,,English
2025-09-13T17:45:00+00:00,2025-09-13,Pepe Price Jumps 18 % as Analysts Eye Another 111 % Rally,https://www.banklesstimes.com/articles/2025/09/13/pepe-price-jumps-18-as-analysts-eye-another-111-rally/,www.banklesstimes.com,,,English
2025-09-13T20:00:00+00:00,2025-09-13,The Grossest Things That Are Frequently Found In Hotel Pools,https://www.islands.com/1963084/gross-stuff-bacteria-common-find-hotel-pools/,www.islands.com,,,English
2025-09-13T11:15:00+00:00,2025-09-13,"S ** t - shaming , sex abuse charges and a notorious  love rat : Where are My Kitchen Rule most controversial stars now ?",https://www.dailymail.co.uk/tvshowbiz/article-15064641/MKR-controversial-stars.html,www.dailymail.co.uk,,,English
2025-09-13T00:30:00+00:00,2025-09-13,HybridPetya Cryptolocker Outsmarts UEFI Secure Boot,https://www.govinfosecurity.com/hybridpetya-crypto-locker-outsmarts-uefi-secure-boot-a-29437,www.govinfosecurity.com,,,English
2025-09-13T17:15:00+00:00,2025-09-13,imtoken钱包怎么充值 _ imToken钱包怎么充值 _ 详细步骤与安全注意事项,https://www.jlradio.cn/post/961.html,www.jlradio.cn,,,Chinese
2025-09-13T02:00:00+00:00,2025-09-13,शिक्षा का अधिकार अधिनियम : यूनाइटेड टीचर्स एसोसिएशन ( यूटा ) के आह्वान पर मुख्यालय पर ज्ञापन सौपा,https://www.tarunmitra.in/state/uttar-pradesh/memorandum-was-submitted-at-the-headquarters-on-the-call-of/article-104808,www.tarunmitra.in,,,Hindi
2025-09-13T14:15:00+00:00,2025-09-13,"Awkward moment Louis Theroux confronts toxic  £20million - a - year  HSTikkyTokky ( and his mum ) over his scams , homophobia and criminal past",https://www.dailymail.co.uk/news/article-15089069/Awkward-moment-Louis-Theroux-confronts-toxic-20million-year-HSTikkyTokky-mum-scams-homophobia-criminal-past.html,www.dailymail.co.uk,,,English
2025-09-13T02:00:00+00:00,2025-09-13,Conway residents grapple with incoming AI super data center at town hall,https://arktimes.com/arkansas-blog/2025/09/12/conway-residents-grapple-with-incoming-ai-super-data-center-at-town-hall,arktimes.com,,,English
2025-09-13T01:00:00+00:00,2025-09-13,The Hunt For John Ruffo : A 70 - Year - Old Fraud Suspect,https://wyrk.com/ixp/11/p/most-wanted-new-york-fraudster/,wyrk.com,,,English
2025-09-13T02:30:00+00:00,2025-09-13,HybridPetya ransomware dodges UEFI Secure Boot,https://www.theregister.com/2025/09/12/hopefully_just_a_poc_hybridpetya/,www.theregister.com,,,English
2025-09-13T05:45:00+00:00,2025-09-13,Vestluspaneel :  Ühe protsendi maailm : rikkuse maksustamine või keskklassi hbumine ? – tule kuulama !,https://telegram.ee/eesti/vestluspaneel-uhe-protsendi-maailm-rikkuse-maksustamine-voi-keskklassi-haabumine-tule-kuulama,telegram.ee,,,Estonian
2025-09-13T11:30:00+00:00,2025-09-13,EUCYS 2025 : Luxembourg Students to Take UV Tracking & Skin Cancer Detection Bracelet Project to Latvia,https://www.chronicle.lu/category/abroad/56736-eucys-2025-luxembourg-students-to-take-uv-tracking-skin-cancer-detection-bracelet-project-to-latvia,www.chronicle.lu,,,English
2025-09-13T16:00:00+00:00,2025-09-13,"Science Was Supposed to Be Switzerland . Instead , It a Barroom Brawl .",https://www.eopicle.net/2025/09/science-was-supposed-to-be-switzerland.html,www.eopicle.net,,,English
2025-09-13T07:00:00+00:00,2025-09-13,Big Tech energy - hungry data centers could be bumped off grids during power emergencies,https://www.stardem.com/ap/nation/big-techs-energy-hungry-data-centers-could-be-bumped-off-grids-during-power-emergencies/article_227f1f4b-81e0-5ed4-9d52-d0964b212743.html,www.stardem.com,,,English
2025-09-13T06:30:00+00:00,2025-09-13,Big Tech energy - hungry data centers could be bumped off grids during power emergencies,https://www.bozemandailychronicle.com/ap_news/business/big-techs-energy-hungry-data-centers-could-be-bumped-off-grids-during-power-emergencies/article_e744140c-373e-5c3e-8485-af61202dd052.html,www.bozemandailychronicle.com,,,English
2025-09-13T06:30:00+00:00,2025-09-13,Big Tech energy - hungry data centers could be bumped off grids during power emergencies,https://www.dailygazette.com/the_recorder/ap/business/big-techs-energy-hungry-data-centers-could-be-bumped-off-grids-during-power-emergencies/article_83fc66a2-efcd-59a1-8954-776fc1470508.html,www.dailygazette.com,,,English
2025-09-13T07:15:00+00:00,2025-09-13,Big Tech energy - hungry data centers could be bumped off grids during power emergencies,https://www.cecildaily.com/ap/nation/big-techs-energy-hungry-data-centers-could-be-bumped-off-grids-during-power-emergencies/article_7cbf3e99-8dc1-5698-84ae-d6bdf5dcec34.html,www.cecildaily.com,,,English
2025-09-13T07:15:00+00:00,2025-09-13,Big Tech energy - hungry data centers could be bumped off grids during power emergencies,https://www.dailygazette.com/hv360/ap/business/big-techs-energy-hungry-data-centers-could-be-bumped-off-grids-during-power-emergencies/article_83fc66a2-efcd-59a1-8954-776fc1470508.html,www.dailygazette.com,,,English
2025-09-13T08:00:00+00:00,2025-09-13,US electric grids under pressure from energy - hungry data centers are changing strategy,https://www.2news.com/news/national/us-electric-grids-under-pressure-from-energy-hungry-data-centers-are-changing-strategy/article_170ff7a1-b523-55cb-b600-9660a0e5c3e8.html,www.2news.com,,,English
2025-09-13T07:30:00+00:00,2025-09-13,Big Tech energy - hungry data centers could be bumped off grids during power emergencies,https://www.rockymounttelegram.com/news/national/big-techs-energy-hungry-data-centers-could-be-bumped-off-grids-during-power-emergencies/article_f9b838b6-1500-5264-9b46-91177a077210.html,www.rockymounttelegram.com,,,English
2025-09-13T07:15:00+00:00,2025-09-13,Big Tech energy - hungry data centers could be bumped off grids during power emergencies,https://listenupyall.com/2025/09/12/big-techs-energy-hungry-data-centers-could-be-bumped-off-grids-during-power-emergencies/,listenupyall.com,,,English
2025-09-13T07:15:00+00:00,2025-09-13,Big Tech energy - hungry data centers could be bumped off grids during power emergencies,https://www.mymotherlode.com/news/national/4305355/big-techs-energy-hungry-data-centers-could-be-bumped-off-grids-during-power-emergencies.html,www.mymotherlode.com,,,English
2025-09-13T11:30:00+00:00,2025-09-13,Big Tech energy - hungry data centers could be bumped off grids during power emergencies,"http://www.sitkasentinel.com/stories/big-techs-energy-hungry-data-centers-could-be-bumped-off-grids-during-power-emergencies,71658",www.sitkasentinel.com,,,English
2025-09-13T11:30:00+00:00,2025-09-13,US electric grids under pressure from energy - hungry data centers are changing strategy,https://listenupyall.com/2025/09/13/us-electric-grids-under-pressure-from-energy-hungry-data-centers-are-changing-strategy/,listenupyall.com,,,English
2025-09-13T10:00:00+00:00,2025-09-13,US electric grids under pressure from energy - hungry data centers are changing strategy,https://www.postregister.com/businessreport/government/us-electric-grids-under-pressure-from-energy-hungry-data-centers-are-changing-strategy/article_82240e33-bb9c-500b-be03-8aa0263a0435.html,www.postregister.com,,,English
2025-09-13T09:15:00+00:00,2025-09-13,Big Tech energy - hungry data centers could be bumped off grids during power emergencies,"http://www.morningsun.net/stories/big-techs-energy-hungry-data-centers-could-be-bumped-off-grids-during-power-emergencies,246027",www.morningsun.net,,,English
2025-09-13T12:15:00+00:00,2025-09-13,US electric grids under pressure from energy - hungry data centers are changing strategy,https://www.rockymounttelegram.com/news/national/us-electric-grids-under-pressure-from-energy-hungry-data-centers-are-changing-strategy/article_f9b838b6-1500-5264-9b46-91177a077210.html,www.rockymounttelegram.com,,,English
2025-09-13T15:15:00+00:00,2025-09-13,US electric grids under pressure from energy - hungry data centers are changing strategy,https://www.springfieldnewssun.com/news/ohio/us-electric-grids-under-pressure-from-energy-hungry-data-centers-are-changing-strategy/MJJGXU23WJIJRAOAPC4PMZ32AI/,www.springfieldnewssun.com,,,English
2025-09-13T18:00:00+00:00,2025-09-13,US electric grids under pressure from energy - hungry data centers are changing strategy,https://www.news8000.com/lifestyle/technology/us-electric-grids-under-pressure-from-energy-hungry-data-centers-are-changing-strategy/article_4f3f50e0-bbbe-5aad-9346-96cdd65533b8.html,www.news8000.com,,,English
2025-09-13T12:30:00+00:00,2025-09-13,"A boozy breakie with Nige ? Big business is flirting with Reform , but at what cost ?",https://leftfootforward.org/2025/09/a-boozy-breakie-with-nige-big-business-is-flirting-with-reform-but-at-what-cost/,leftfootforward.org,,,English
2025-09-13T16:00:00+00:00,2025-09-13,US electric grids under pressure from energy - hungry data centers are changing strategy,https://muscatinejournal.com/news/state-and-regional/illinois/article_eb9e7062-6765-5123-bf49-1ab3ab5f9737.html,muscatinejournal.com,,,English
2025-09-13T17:30:00+00:00,2025-09-13,US electric grids under pressure from energy - hungry data centers are changing strategy,https://www.wgauradio.com/news/us-electric-grids/7U3W2ED3DZH35BOX2BO7OD7IYI/,www.wgauradio.com,,,English
2025-09-13T21:45:00+00:00,2025-09-13,States try to manage hungry data centers and weak electric grids,https://www.kiiitv.com/article/news/nation-world/electric-grids-pressure-data-centers/507-4685169c-4f14-4bc2-9fe7-b9b716725e9a,www.kiiitv.com,,,English
2025-09-13T22:15:00+00:00,2025-09-13,States try to manage hungry data centers and weak electric grids,https://www.localmemphis.com/article/news/nation-world/electric-grids-pressure-data-centers/507-4685169c-4f14-4bc2-9fe7-b9b716725e9a,www.localmemphis.com,,,English
2025-09-13T22:15:00+00:00,2025-09-13,States try to manage hungry data centers and weak electric grids,https://www.whas11.com/article/news/nation-world/electric-grids-pressure-data-centers/507-4685169c-4f14-4bc2-9fe7-b9b716725e9a,www.whas11.com,,,English
2025-09-13T22:15:00+00:00,2025-09-13,States try to manage hungry data centers and weak electric grids,https://www.wqad.com/article/news/nation-world/electric-grids-pressure-data-centers/507-4685169c-4f14-4bc2-9fe7-b9b716725e9a,www.wqad.com,,,English
2025-09-13T22:15:00+00:00,2025-09-13,States try to manage hungry data centers and weak electric grids,https://www.kcentv.com/article/news/nation-world/electric-grids-pressure-data-centers/507-4685169c-4f14-4bc2-9fe7-b9b716725e9a,www.kcentv.com,,,English
