date,time,title,source,url,v2_themes,avg_tone,positive_score,negative_score,polarity
20250914,00:00,N/A,kens5.com,https://www.kens5.com/article/news/nation-world/electric-grids-pressure-data-centers/507-4685169c-4f14-4bc2-9fe7-b9b716725e9a,EPU_ECONOMY;EPU_ECONOMY_HISTORIC;CRISISLEX_T01_CAUTION_ADVICE;ECON_ELECTRICALGRID;USPEC_POLICY1;EPU_POLICY;EPU_POLICY_POLICYMAKERS;TAX_DISEASE;TAX_DISEASE_EMERGENCIES;LEADER;TAX_FNCACT;TAX_FNCACT_LAWMAKERS;USPEC_POLITICS_GENERAL1;EPU_POLICY_LAWMAKERS;CRISISLEX_CRISISLEXREC;NATURAL_DISASTER;NATURAL_DISASTER_WINTER_STORM;KILL;CRISISLEX_T03_DEAD;UNGP_FORESTS_RIVERS_OCEANS;TAX_FNCACT_ANALYSTS;MANMADE_DISASTER_IMPLIED;PUBLIC_TRANSPORT;EDUCATION;SOC_POINTSOFINTEREST;SOC_POINTSOFINTEREST_UNIVERSITY;TAX_FNCACT_PROFESSOR;ECON_ELECTRICALDEMAND;TAX_FNCACT_OPERATOR;TAX_FNCACT_CEO;TAX_WORLDLANGUAGES;TAX_WORLDLANGUAGES_KANSAS;ECON_INFLATION;WB_1104_MACROECONOMIC_VULNERABILITY_AND_DEBT;WB_442_INFLATION;TAX_ETHNICITY;TAX_ETHNICITY_AMERICANS;ECON_SUBSIDIES;CRISISLEX_T11_UPDATESSYMPATHY;MANMADE_DISASTER;MANMADE_DISASTER_POWER_OUTAGE;POWER_OUTAGE;TAX_FNCACT_REGULATORS;ALLIANCE;WB_678_DIGITAL_GOVERNMENT;WB_2943_SWITCHES;WB_667_ICT_INFRASTRUCTURE;WB_672_NETWORK_MANAGEMENT;WB_133_INFORMATION_AND_COMMUNICATION_TECHNOLOGIES;EPU_UNCERTAINTY;ECON_BITCOIN;TAX_FNCACT_MINERS;TAX_FNCACT_GOVERNORS;WB_696_PUBLIC_SECTOR_MANAGEMENT;WB_2048_COMPENSATION_CAREERS_AND_INCENTIVES;WB_723_PUBLIC_ADMINISTRATION;WB_724_HUMAN_RESOURCES_FOR_PUBLIC_SECTOR;NEW_CONSTRUCTION;DELAY;USPEC_UNCERTAINTY1;TAX_FNCACT_CITIZENS;TAX_ECON_PRICE;SCIENCE;TAX_FNCACT_RESEARCHER;CRISISLEX_O01_WEATHER;ECON_NEWPOWERPLANT;,-1.30718954248366,2.20588235294118,3.51307189542484,5.71895424836601
20250914,00:00,N/A,kgw.com,https://www.kgw.com/article/news/nation-world/electric-grids-pressure-data-centers/507-4685169c-4f14-4bc2-9fe7-b9b716725e9a,EPU_ECONOMY;EPU_ECONOMY_HISTORIC;CRISISLEX_T01_CAUTION_ADVICE;ECON_ELECTRICALGRID;USPEC_POLICY1;EPU_POLICY;EPU_POLICY_POLICYMAKERS;TAX_DISEASE;TAX_DISEASE_EMERGENCIES;LEADER;TAX_FNCACT;TAX_FNCACT_LAWMAKERS;USPEC_POLITICS_GENERAL1;EPU_POLICY_LAWMAKERS;CRISISLEX_CRISISLEXREC;NATURAL_DISASTER;NATURAL_DISASTER_WINTER_STORM;KILL;CRISISLEX_T03_DEAD;UNGP_FORESTS_RIVERS_OCEANS;TAX_FNCACT_ANALYSTS;MANMADE_DISASTER_IMPLIED;PUBLIC_TRANSPORT;EDUCATION;SOC_POINTSOFINTEREST;SOC_POINTSOFINTEREST_UNIVERSITY;TAX_FNCACT_PROFESSOR;ECON_ELECTRICALDEMAND;TAX_FNCACT_OPERATOR;TAX_FNCACT_CEO;TAX_WORLDLANGUAGES;TAX_WORLDLANGUAGES_KANSAS;ECON_INFLATION;WB_1104_MACROECONOMIC_VULNERABILITY_AND_DEBT;WB_442_INFLATION;TAX_ETHNICITY;TAX_ETHNICITY_AMERICANS;ECON_SUBSIDIES;CRISISLEX_T11_UPDATESSYMPATHY;MANMADE_DISASTER;MANMADE_DISASTER_POWER_OUTAGE;POWER_OUTAGE;TAX_FNCACT_REGULATORS;ALLIANCE;WB_678_DIGITAL_GOVERNMENT;WB_2943_SWITCHES;WB_667_ICT_INFRASTRUCTURE;WB_672_NETWORK_MANAGEMENT;WB_133_INFORMATION_AND_COMMUNICATION_TECHNOLOGIES;EPU_UNCERTAINTY;ECON_BITCOIN;TAX_FNCACT_MINERS;TAX_FNCACT_GOVERNORS;WB_696_PUBLIC_SECTOR_MANAGEMENT;WB_2048_COMPENSATION_CAREERS_AND_INCENTIVES;WB_723_PUBLIC_ADMINISTRATION;WB_724_HUMAN_RESOURCES_FOR_PUBLIC_SECTOR;NEW_CONSTRUCTION;DELAY;USPEC_UNCERTAINTY1;TAX_FNCACT_CITIZENS;TAX_ECON_PRICE;SCIENCE;TAX_FNCACT_RESEARCHER;CRISISLEX_O01_WEATHER;ECON_NEWPOWERPLANT;,-1.30718954248366,2.20588235294118,3.51307189542484,5.71895424836601
20250914,01:00,N/A,fox61.com,https://www.fox61.com/article/news/nation-world/electric-grids-pressure-data-centers/507-4685169c-4f14-4bc2-9fe7-b9b716725e9a,EPU_ECONOMY;EPU_ECONOMY_HISTORIC;CRISISLEX_T01_CAUTION_ADVICE;ECON_ELECTRICALGRID;USPEC_POLICY1;EPU_POLICY;EPU_POLICY_POLICYMAKERS;TAX_DISEASE;TAX_DISEASE_EMERGENCIES;LEADER;TAX_FNCACT;TAX_FNCACT_LAWMAKERS;USPEC_POLITICS_GENERAL1;EPU_POLICY_LAWMAKERS;CRISISLEX_CRISISLEXREC;NATURAL_DISASTER;NATURAL_DISASTER_WINTER_STORM;KILL;CRISISLEX_T03_DEAD;UNGP_FORESTS_RIVERS_OCEANS;TAX_FNCACT_ANALYSTS;MANMADE_DISASTER_IMPLIED;PUBLIC_TRANSPORT;EDUCATION;SOC_POINTSOFINTEREST;SOC_POINTSOFINTEREST_UNIVERSITY;TAX_FNCACT_PROFESSOR;ECON_ELECTRICALDEMAND;TAX_FNCACT_OPERATOR;TAX_FNCACT_CEO;TAX_WORLDLANGUAGES;TAX_WORLDLANGUAGES_KANSAS;ECON_INFLATION;WB_1104_MACROECONOMIC_VULNERABILITY_AND_DEBT;WB_442_INFLATION;TAX_ETHNICITY;TAX_ETHNICITY_AMERICANS;ECON_SUBSIDIES;CRISISLEX_T11_UPDATESSYMPATHY;MANMADE_DISASTER;MANMADE_DISASTER_POWER_OUTAGE;POWER_OUTAGE;TAX_FNCACT_REGULATORS;ALLIANCE;WB_678_DIGITAL_GOVERNMENT;WB_2943_SWITCHES;WB_667_ICT_INFRASTRUCTURE;WB_672_NETWORK_MANAGEMENT;WB_133_INFORMATION_AND_COMMUNICATION_TECHNOLOGIES;EPU_UNCERTAINTY;ECON_BITCOIN;TAX_FNCACT_MINERS;TAX_FNCACT_GOVERNORS;WB_696_PUBLIC_SECTOR_MANAGEMENT;WB_2048_COMPENSATION_CAREERS_AND_INCENTIVES;WB_723_PUBLIC_ADMINISTRATION;WB_724_HUMAN_RESOURCES_FOR_PUBLIC_SECTOR;NEW_CONSTRUCTION;DELAY;USPEC_UNCERTAINTY1;TAX_FNCACT_CITIZENS;TAX_ECON_PRICE;SCIENCE;TAX_FNCACT_RESEARCHER;CRISISLEX_O01_WEATHER;ECON_NEWPOWERPLANT;,-1.30718954248366,2.20588235294118,3.51307189542484,5.71895424836601
20250914,01:00,N/A,fox43.com,https://www.fox43.com/article/news/nation-world/electric-grids-pressure-data-centers/507-4685169c-4f14-4bc2-9fe7-b9b716725e9a,EPU_ECONOMY;EPU_ECONOMY_HISTORIC;CRISISLEX_T01_CAUTION_ADVICE;ECON_ELECTRICALGRID;USPEC_POLICY1;EPU_POLICY;EPU_POLICY_POLICYMAKERS;TAX_DISEASE;TAX_DISEASE_EMERGENCIES;LEADER;TAX_FNCACT;TAX_FNCACT_LAWMAKERS;USPEC_POLITICS_GENERAL1;EPU_POLICY_LAWMAKERS;CRISISLEX_CRISISLEXREC;NATURAL_DISASTER;NATURAL_DISASTER_WINTER_STORM;KILL;CRISISLEX_T03_DEAD;UNGP_FORESTS_RIVERS_OCEANS;TAX_FNCACT_ANALYSTS;MANMADE_DISASTER_IMPLIED;PUBLIC_TRANSPORT;EDUCATION;SOC_POINTSOFINTEREST;SOC_POINTSOFINTEREST_UNIVERSITY;TAX_FNCACT_PROFESSOR;ECON_ELECTRICALDEMAND;TAX_FNCACT_OPERATOR;TAX_FNCACT_CEO;TAX_WORLDLANGUAGES;TAX_WORLDLANGUAGES_KANSAS;ECON_INFLATION;WB_1104_MACROECONOMIC_VULNERABILITY_AND_DEBT;WB_442_INFLATION;TAX_ETHNICITY;TAX_ETHNICITY_AMERICANS;ECON_SUBSIDIES;CRISISLEX_T11_UPDATESSYMPATHY;MANMADE_DISASTER;MANMADE_DISASTER_POWER_OUTAGE;POWER_OUTAGE;TAX_FNCACT_REGULATORS;ALLIANCE;WB_678_DIGITAL_GOVERNMENT;WB_2943_SWITCHES;WB_667_ICT_INFRASTRUCTURE;WB_672_NETWORK_MANAGEMENT;WB_133_INFORMATION_AND_COMMUNICATION_TECHNOLOGIES;EPU_UNCERTAINTY;ECON_BITCOIN;TAX_FNCACT_MINERS;TAX_FNCACT_GOVERNORS;WB_696_PUBLIC_SECTOR_MANAGEMENT;WB_2048_COMPENSATION_CAREERS_AND_INCENTIVES;WB_723_PUBLIC_ADMINISTRATION;WB_724_HUMAN_RESOURCES_FOR_PUBLIC_SECTOR;NEW_CONSTRUCTION;DELAY;USPEC_UNCERTAINTY1;TAX_FNCACT_CITIZENS;TAX_ECON_PRICE;SCIENCE;TAX_FNCACT_RESEARCHER;CRISISLEX_O01_WEATHER;ECON_NEWPOWERPLANT;,-1.30718954248366,2.20588235294118,3.51307189542484,5.71895424836601
20250914,04:00,XST Capital Group and Webis Holdings Join Forces in Strategic Gaming Partnership,insidebitcoins.com,https://insidebitcoins.com/news/xst-capital-group-and-webis-holdings-join-forces-in-strategic-gaming-partnership,nan,3.86643233743409,4.86233157586409,0.995899238429994,5.85823081429408
20250914,04:00,How Sydney postie went from no savings to $1.7m portfolio - realestate.com.au,realestate.com.au,https://www.realestate.com.au/news/how-sydney-postie-went-from-no-savings-to-17m-portfolio/,TAX_ETHNICITY;TAX_ETHNICITY_AUSTRALIAN;TAX_FNCACT;TAX_FNCACT_CHEF;WB_2670_JOBS;WB_1467_EDUCATION_FOR_ALL;WB_470_EDUCATION;WB_2131_EMPLOYABILITY_SKILLS_AND_JOBS;WB_1484_EDUCATION_SKILLS_DEVELOPMENT_AND_LABOR_MARKET;EPU_CATS_MIGRATION_FEAR_FEAR;UNREST_CRACKDOWN;TAX_FNCACT_LANDLORD;ECON_DEBT;WB_1104_MACROECONOMIC_VULNERABILITY_AND_DEBT;WB_450_DEBT;ECON_BITCOIN;ECON_ENTREPRENEURSHIP;TAX_FNCACT_AUTHOR;WB_678_DIGITAL_GOVERNMENT;WB_2943_SWITCHES;WB_667_ICT_INFRASTRUCTURE;WB_672_NETWORK_MANAGEMENT;WB_133_INFORMATION_AND_COMMUNICATION_TECHNOLOGIES;UNGP_FORESTS_RIVERS_OCEANS;ECON_WORLDCURRENCIES;ECON_WORLDCURRENCIES_DOLLAR;MARITIME;TAX_ETHNICITY_BLACK;BLACK_MARKET;TAX_ECON_PRICE;NEGOTIATIONS;PUBLIC_TRANSPORT;TAX_FNCACT_DRIVER;IDEOLOGY;,1.08024691358025,2.46913580246914,1.38888888888889,3.85802469135802
20250914,05:00,N/A,thehindubusinessline.com,https://www.thehindubusinessline.com/news/national/kerala-cyber-police-see-surge-in-fake-online-share-trading-scams-23-cases-registered-in-september/article70048206.ece,WB_2019_ANTI_CORRUPTION_LEGISLATION;WB_696_PUBLIC_SECTOR_MANAGEMENT;WB_831_GOVERNANCE;WB_832_ANTI_CORRUPTION;WB_2020_BRIBERY_FRAUD_AND_COLLUSION;SECURITY_SERVICES;TAX_FNCACT;TAX_FNCACT_POLICE;CRISISLEX_C07_SAFETY;SOC_POINTSOFINTEREST;SOC_POINTSOFINTEREST_POLICE_STATIONS;WB_698_TRADE;ECON_BITCOIN;ECON_CURRENCY_EXCHANGE_RATE;TAX_FNCACT_VICTIMS;CRISISLEX_CRISISLEXREC;CRISISLEX_T08_MISSINGFOUNDTRAPPEDPEOPLE;TAX_FNCACT_OFFICIALS;TAX_FNCACT_BUSINESSMAN;GENERAL_HEALTH;MEDICAL;TAX_FNCACT_DOCTORS;CRISISLEX_C03_WELLBEING_HEALTH;TAX_FNCACT_OFFICER;TAX_FNCACT_POLICE_OFFICER;TAX_FNCACT_DOCTOR;TAX_FNCACT_AUTHORITIES;EPU_POLICY;EPU_POLICY_AUTHORITIES;TAX_FNCACT_WOMAN;CORRUPTION;RURAL;TAX_FNCACT_VICTIM;CYBER_ATTACK;,-5.6980056980057,1.42450142450142,7.12250712250712,8.54700854700855
20250914,06:00,N/A,irishtimes.com,https://www.irishtimes.com/ireland/2025/09/14/heather-humphreys-pledges-to-learn-irish-11-years-after-pledge-to-learn-irish/,TAX_FNCACT;TAX_FNCACT_CANDIDATE;TAX_ETHNICITY;TAX_ETHNICITY_IRISH;TAX_WORLDLANGUAGES;TAX_WORLDLANGUAGES_IRISH;LEADER;TAX_FNCACT_PRESIDENT;USPEC_POLITICS_GENERAL1;TAX_FNCACT_MINISTER;RURAL;APPOINTMENT;MEDIA_MSM;WB_1467_EDUCATION_FOR_ALL;WB_470_EDUCATION;WB_2131_EMPLOYABILITY_SKILLS_AND_JOBS;WB_1484_EDUCATION_SKILLS_DEVELOPMENT_AND_LABOR_MARKET;MANMADE_DISASTER_IMPLIED;TAX_FNCACT_SPOKESPERSON;CRISISLEX_CRISISLEXREC;TAX_FNCACT_PRESIDENTS;TAX_FNCACT_FOUNDER;SCIENCE;TAX_FNCACT_SCIENTIST;EPU_ECONOMY_HISTORIC;ECON_BITCOIN;WB_678_DIGITAL_GOVERNMENT;WB_694_BROADCAST_AND_MEDIA;WB_133_INFORMATION_AND_COMMUNICATION_TECHNOLOGIES;MEDIA_SOCIAL;WB_652_ICT_APPLICATIONS;WB_662_SOCIAL_MEDIA;WB_658_ENTERPRISE_APPLICATIONS;UNGP_FORESTS_RIVERS_OCEANS;TAX_FNCACT_BISHOP;TAX_FNCACT_FATHERS;TAX_ETHNICITY_AUSTRIAN;EDUCATION;SOC_POINTSOFINTEREST;SOC_POINTSOFINTEREST_SCHOOL;TAX_FNCACT_SERVANT;TAX_FNCACT_PUBLIC_SERVANT;USPEC_POLICY1;EPU_ECONOMY;WB_728_PUBLIC_SERVICE_DELIVERY;WB_696_PUBLIC_SECTOR_MANAGEMENT;WB_723_PUBLIC_ADMINISTRATION;WB_2098_OUTSOURCING;TAX_FNCACT_MAN;ARMEDCONFLICT;WB_2433_CONFLICT_AND_VIOLENCE;WB_2432_FRAGILITY_CONFLICT_AND_VIOLENCE;WB_2462_POLITICAL_VIOLENCE_AND_WAR;EPU_POLICY;EPU_POLICY_POLITICAL;RETIREMENT;WB_2690_CATEGORIES_OF_EMPLOYMENT;WB_2670_JOBS;WB_2689_JOBS_DIAGNOSTICS;WB_2896_RETIREMENT;TAX_DISEASE;TAX_DISEASE_COVID;SOC_POINTSOFINTEREST_COLLEGE;NATURAL_DISASTER;NATURAL_DISASTER_FLOOD;CRISISLEX_T03_DEAD;ELECTION;TAX_FNCACT_MANAGER;TAX_FNCACT_DIRECTORS;TAX_ETHNICITY_JAPANESE;TAX_WORLDLANGUAGES_JAPANESE;WB_566_ENVIRONMENT_AND_NATURAL_RESOURCES;WB_2084_BIODIVERSITY;WB_1786_ENVIRONMENTAL_SUSTAINABILITY;TAX_ECON_PRICE;,0.770416024653313,3.77503852080123,3.00462249614792,6.77966101694915
20250914,08:00,Dogecoin Is Surging Today -- Is the Cryptocurrency a Buy Right Now?,yahoo.com,https://finance.yahoo.com/news/dogecoin-surging-today-cryptocurrency-buy-234543511.html,WB_698_TRADE;ECON_BITCOIN;TAX_ECON_PRICE;PROTEST;WB_621_HEALTH_NUTRITION_AND_POPULATION;WB_1448_DEMOGRAPHIC_CHANGE;WB_643_AGING_POPULATION;WB_696_PUBLIC_SECTOR_MANAGEMENT;WB_713_PUBLIC_FINANCE;WB_1045_TREASURY;WB_1150_VOLATILITY;WB_1104_MACROECONOMIC_VULNERABILITY_AND_DEBT;TAX_FNCACT;TAX_FNCACT_FOOL;TAX_FNCACT_ANALYST;,2.06422018348624,3.89908256880734,1.8348623853211,5.73394495412844
20250914,08:00,Police investigating poisoned water threat | Radio Prague International,english.radio.cz,https://english.radio.cz/police-investigating-poisoned-water-threat-8862660,SECURITY_SERVICES;TAX_FNCACT;TAX_FNCACT_POLICE;CRISISLEX_C07_SAFETY;TAX_ETHNICITY;TAX_ETHNICITY_CZECH;TAX_WORLDLANGUAGES;TAX_WORLDLANGUAGES_CZECH;GENERAL_GOVERNMENT;UNREST_BELLIGERENT;TAX_DISEASE;TAX_DISEASE_POISONED;WB_137_WATER;CRISISLEX_C06_WATER_SANITATION;CRISISLEX_T06_SUPPLIES;ECON_BITCOIN;CRISISLEX_CRISISLEXREC;CRISISLEX_C08_TELECOM;CRISISLEX_O02_RESPONSEAGENCIESATCRISIS;CRISISLEX_T01_CAUTION_ADVICE;,-3.125,4.6875,7.8125,12.5
20250914,09:00,N/A,thesun.my,https://thesun.my/malaysia-news/pkr-mps-hit-by-ai-deepfake-blackmail-using-crypto-demands-BE14894656,LEADER;TAX_FNCACT;TAX_FNCACT_LAWMAKERS;USPEC_POLITICS_GENERAL1;EPU_POLICY;EPU_POLICY_LAWMAKERS;TAX_WORLDLANGUAGES;TAX_WORLDLANGUAGES_SUNGAI;TAX_MILITARY_TITLE;TAX_MILITARY_TITLE_OFFICER;TAX_FNCACT_OFFICER;NEGOTIATIONS;ECON_BITCOIN;SECURITY_SERVICES;TAX_FNCACT_POLICE;CRISISLEX_C07_SAFETY;TAX_FNCACT_INSPECTOR;WB_678_DIGITAL_GOVERNMENT;WB_694_BROADCAST_AND_MEDIA;WB_133_INFORMATION_AND_COMMUNICATION_TECHNOLOGIES;MEDIA_SOCIAL;WB_652_ICT_APPLICATIONS;WB_662_SOCIAL_MEDIA;WB_658_ENTERPRISE_APPLICATIONS;CYBER_ATTACK;WB_2024_ANTI_CORRUPTION_AUTHORITIES;WB_696_PUBLIC_SECTOR_MANAGEMENT;WB_840_JUSTICE;WB_2025_INVESTIGATION;WB_831_GOVERNANCE;WB_832_ANTI_CORRUPTION;WB_1014_CRIMINAL_JUSTICE;TAX_FNCACT_BLACKMAILER;EPU_CATS_MIGRATION_FEAR_FEAR;DEMOCRACY;UNGP_POLITICAL_FREEDOMS;USPEC_POLICY1;EPU_ECONOMY;EPU_ECONOMY_HISTORIC;TAX_FNCACT_MINISTER;,-5.21327014218009,0.710900473933649,5.92417061611374,6.63507109004739
20250914,09:00,"US electric grids under pressure from energy-hungry data centers are changing strategy | News, Sports, Jobs - Maui News",mauinews.com,https://www.mauinews.com/wire/?category=5186&ID=370238,CRISISLEX_T01_CAUTION_ADVICE;ECON_ELECTRICALGRID;USPEC_POLICY1;EPU_POLICY;EPU_POLICY_POLICYMAKERS;TAX_DISEASE;TAX_DISEASE_EMERGENCIES;LEADER;TAX_FNCACT;TAX_FNCACT_LAWMAKERS;USPEC_POLITICS_GENERAL1;EPU_POLICY_LAWMAKERS;CRISISLEX_CRISISLEXREC;NATURAL_DISASTER;NATURAL_DISASTER_WINTER_STORM;KILL;CRISISLEX_T03_DEAD;UNGP_FORESTS_RIVERS_OCEANS;EPU_ECONOMY;EPU_ECONOMY_HISTORIC;TAX_FNCACT_ANALYSTS;MANMADE_DISASTER_IMPLIED;PUBLIC_TRANSPORT;EDUCATION;SOC_POINTSOFINTEREST;SOC_POINTSOFINTEREST_UNIVERSITY;TAX_FNCACT_PROFESSOR;ECON_ELECTRICALDEMAND;TAX_FNCACT_OPERATOR;TAX_FNCACT_CEO;TAX_WORLDLANGUAGES;TAX_WORLDLANGUAGES_KANSAS;ECON_INFLATION;WB_1104_MACROECONOMIC_VULNERABILITY_AND_DEBT;WB_442_INFLATION;TAX_ETHNICITY;TAX_ETHNICITY_AMERICANS;ECON_SUBSIDIES;CRISISLEX_T11_UPDATESSYMPATHY;MANMADE_DISASTER;MANMADE_DISASTER_POWER_OUTAGE;POWER_OUTAGE;TAX_FNCACT_REGULATORS;ALLIANCE;WB_678_DIGITAL_GOVERNMENT;WB_2943_SWITCHES;WB_667_ICT_INFRASTRUCTURE;WB_672_NETWORK_MANAGEMENT;WB_133_INFORMATION_AND_COMMUNICATION_TECHNOLOGIES;EPU_UNCERTAINTY;ECON_BITCOIN;TAX_FNCACT_MINERS;TAX_FNCACT_GOVERNORS;WB_696_PUBLIC_SECTOR_MANAGEMENT;WB_2048_COMPENSATION_CAREERS_AND_INCENTIVES;WB_723_PUBLIC_ADMINISTRATION;WB_724_HUMAN_RESOURCES_FOR_PUBLIC_SECTOR;NEW_CONSTRUCTION;DELAY;USPEC_UNCERTAINTY1;TAX_FNCACT_CITIZENS;TAX_ECON_PRICE;SCIENCE;TAX_FNCACT_RESEARCHER;CRISISLEX_O01_WEATHER;ECON_NEWPOWERPLANT;,-1.44189991518236,1.95080576759966,3.39270568278202,5.34351145038168
20250914,10:00,N/A,themarketsdaily.com,https://www.themarketsdaily.com/2025/09/14/forestar-group-nysefor-versus-strategic-global-investments-otcmktsstbv-head-to-head-survey.html,ECON_STOCKMARKET;TAX_FNCACT;TAX_FNCACT_ANALYST;WB_1150_VOLATILITY;WB_1104_MACROECONOMIC_VULNERABILITY_AND_DEBT;TAX_ECON_PRICE;TAX_FNCACT_INSIDER;TAX_FNCACT_INSIDERS;TAX_FNCACT_MANAGERS;TAX_FNCACT_ANALYSTS;ECON_BITCOIN;,6.33946830265849,7.97546012269939,1.6359918200409,9.61145194274029
20250914,10:00,"What to Expect in Markets This Week: Fed Interest Rate Decision, U.S. Retail Sales, Meta Event, Earnings from FedEx, General Mills",investopedia.com,https://www.investopedia.com/what-to-expect-in-markets-this-week-fed-interest-rate-decision-u-s-retail-sales-meta-event-earnings-from-fedex-general-mills-11808248,EPU_CATS_MONETARY_POLICY;ECON_INTEREST_RATES;EPU_POLICY;EPU_POLICY_INTEREST_RATE;EPU_POLICY_FEDERAL_RESERVE;ECON_CENTRALBANK;WB_1235_CENTRAL_BANKS;WB_318_FINANCIAL_ARCHITECTURE_AND_BANKING;WB_1920_FINANCIAL_SECTOR_DEVELOPMENT;WB_1234_BANKING_INSTITUTIONS;USPEC_POLICY1;EPU_POLICY_CENTRAL_BANK;EPU_ECONOMY;EPU_ECONOMY_HISTORIC;ECON_STOCKMARKET;EPU_POLICY_SPENDING;TAX_FOODSTAPLES;TAX_FOODSTAPLES_CEREAL;TAX_FNCACT;TAX_FNCACT_CEO;WB_678_DIGITAL_GOVERNMENT;WB_694_BROADCAST_AND_MEDIA;WB_133_INFORMATION_AND_COMMUNICATION_TECHNOLOGIES;MEDIA_SOCIAL;WB_652_ICT_APPLICATIONS;WB_662_SOCIAL_MEDIA;WB_658_ENTERPRISE_APPLICATIONS;TAX_FNCACT_DEVELOPER;EPU_POLICY_INTEREST_RATES;WB_855_LABOR_MARKETS;WB_697_SOCIAL_PROTECTION_AND_LABOR;ECON_INFLATION;WB_1104_MACROECONOMIC_VULNERABILITY_AND_DEBT;WB_442_INFLATION;EPU_POLICY_POLICY;WB_444_MONETARY_POLICY;WB_439_MACROECONOMIC_AND_STRUCTURAL_POLICIES;EPU_POLICY_MONETARY_POLICY;TAX_ECON_PRICE;UNEMPLOYMENT;UNGP_FORESTS_RIVERS_OCEANS;CRISISLEX_C04_LOGISTICS_TRANSPORT;EPU_UNCERTAINTY;ECON_BITCOIN;ECON_EARNINGSREPORT;WB_698_TRADE;WB_1921_PRIVATE_SECTOR_DEVELOPMENT;WB_346_COMPETITIVE_INDUSTRIES;WB_818_INDUSTRY_POLICY_AND_REAL_SECTORS;WB_1281_MANUFACTURING;MEDIA_MSM;,1.61290322580645,3.2258064516129,1.61290322580645,4.83870967741935
20250914,11:00,Hamptons Subway Tokens Vanish from Storage,danspapers.com,https://www.danspapers.com/2025/09/hamptons-subway-9-12/,PUBLIC_TRANSPORT;WB_137_WATER;TAX_DISEASE;TAX_DISEASE_BRONCHITIS;SOC_POINTSOFINTEREST;SOC_POINTSOFINTEREST_HEADQUARTERS;WB_135_TRANSPORT;WB_1174_WAREHOUSING_AND_STORAGE;WB_793_TRANSPORT_AND_LOGISTICS_SERVICES;MANMADE_DISASTER_IMPLIED;SURVEILLANCE;TAX_FNCACT;TAX_FNCACT_EMPLOYEE;INFO_RUMOR;ECON_BITCOIN;SECURITY_SERVICES;TAX_FNCACT_POLICE;CRISISLEX_C07_SAFETY;ARREST;SOC_GENERALCRIME;SEIZE;EPU_ECONOMY_HISTORIC;TAX_WORLDMAMMALS;TAX_WORLDMAMMALS_DOG;TAX_ETHNICITY;TAX_ETHNICITY_GERMAN;TAX_WORLDLANGUAGES;TAX_WORLDLANGUAGES_GERMAN;TAX_FNCACT_SHEPHERDS;VANDALIZE;TAX_FNCACT_PAINTERS;AFFECT;TAX_FNCACT_SHEPHERD;SOC_USSECURITYAGENCIES;TAX_WEAPONS;TAX_WEAPONS_BOMB;EPU_CATS_MIGRATION_FEAR_FEAR;USPEC_POLITICS_GENERAL1;DELAY;USPEC_UNCERTAINTY1;TAX_FNCACT_COMMISSIONER;TAX_FNCACT_DIRECTORS;TAX_FNCACT_EMPLOYEES;ECON_PAY_CUTS;UNGP_JOB_OPPORTUNITIES_EMPLOYMENT;TAX_ECON_PRICE;ECON_STOCKMARKET;TAX_FNCACT_SINGER;TAX_FNCACT_ACTRESS;TAX_WORLDMAMMALS_HORSE;AGRICULTURE;,0.0,2.05973223480947,2.05973223480947,4.11946446961895
20250914,11:00,"US electric grids under pressure from energy-hungry data centers are changing strategy | News, Sports, Jobs - The Vindicator",vindy.com,http://www.vindy.com/wire/?category=5&ID=370238,CRISISLEX_T01_CAUTION_ADVICE;ECON_ELECTRICALGRID;USPEC_POLICY1;EPU_POLICY;EPU_POLICY_POLICYMAKERS;TAX_DISEASE;TAX_DISEASE_EMERGENCIES;LEADER;TAX_FNCACT;TAX_FNCACT_LAWMAKERS;USPEC_POLITICS_GENERAL1;EPU_POLICY_LAWMAKERS;CRISISLEX_CRISISLEXREC;NATURAL_DISASTER;NATURAL_DISASTER_WINTER_STORM;KILL;CRISISLEX_T03_DEAD;UNGP_FORESTS_RIVERS_OCEANS;EPU_ECONOMY;EPU_ECONOMY_HISTORIC;TAX_FNCACT_ANALYSTS;MANMADE_DISASTER_IMPLIED;PUBLIC_TRANSPORT;EDUCATION;SOC_POINTSOFINTEREST;SOC_POINTSOFINTEREST_UNIVERSITY;TAX_FNCACT_PROFESSOR;ECON_ELECTRICALDEMAND;TAX_FNCACT_OPERATOR;TAX_FNCACT_CEO;TAX_WORLDLANGUAGES;TAX_WORLDLANGUAGES_KANSAS;ECON_INFLATION;WB_1104_MACROECONOMIC_VULNERABILITY_AND_DEBT;WB_442_INFLATION;TAX_ETHNICITY;TAX_ETHNICITY_AMERICANS;ECON_SUBSIDIES;CRISISLEX_T11_UPDATESSYMPATHY;MANMADE_DISASTER;MANMADE_DISASTER_POWER_OUTAGE;POWER_OUTAGE;TAX_FNCACT_REGULATORS;ALLIANCE;WB_678_DIGITAL_GOVERNMENT;WB_2943_SWITCHES;WB_667_ICT_INFRASTRUCTURE;WB_672_NETWORK_MANAGEMENT;WB_133_INFORMATION_AND_COMMUNICATION_TECHNOLOGIES;EPU_UNCERTAINTY;ECON_BITCOIN;TAX_FNCACT_MINERS;TAX_FNCACT_GOVERNORS;WB_696_PUBLIC_SECTOR_MANAGEMENT;WB_2048_COMPENSATION_CAREERS_AND_INCENTIVES;WB_723_PUBLIC_ADMINISTRATION;WB_724_HUMAN_RESOURCES_FOR_PUBLIC_SECTOR;NEW_CONSTRUCTION;DELAY;USPEC_UNCERTAINTY1;TAX_FNCACT_CITIZENS;TAX_ECON_PRICE;SCIENCE;TAX_FNCACT_RESEARCHER;CRISISLEX_O01_WEATHER;ECON_NEWPOWERPLANT;,-1.44189991518236,1.95080576759966,3.39270568278202,5.34351145038168
20250914,11:00,N/A,trib.com,https://trib.com/news/state-regional/business/article_cb711f33-282d-4339-be6c-8bba35c309d5.html,MANMADE_DISASTER_IMPLIED;EPU_ECONOMY_HISTORIC;TAX_FNCACT;TAX_FNCACT_EXECUTIVE;TAX_FNCACT_DIRECTOR;TAX_FNCACT_EXECUTIVE_DIRECTOR;ARMEDCONFLICT;WB_1979_NATURAL_RESOURCE_MANAGEMENT;WB_435_AGRICULTURE_AND_FOOD_SECURITY;WB_1986_MOUNTAINS;UNGP_FORESTS_RIVERS_OCEANS;CRISISLEX_T11_UPDATESSYMPATHY;TAX_FNCACT_SUPPORTER;WB_137_WATER;SOC_POINTSOFINTEREST;SOC_POINTSOFINTEREST_AIRPORT;WB_135_TRANSPORT;WB_1803_TRANSPORT_INFRASTRUCTURE;WB_1804_AIRPORTS;CRISISLEX_C07_SAFETY;NATURAL_DISASTER;NATURAL_DISASTER_ICY;TOURISM;TAX_FNCACT_TOURISTS;TAX_FNCACT_PIONEER;ECON_BITCOIN;EPU_CATS_MIGRATION_FEAR_FEAR;INFO_RUMOR;TAX_FNCACT_BARTENDER;ACT_MAKESTATEMENT;TAX_FOODSTAPLES;TAX_FOODSTAPLES_BREAD;EPU_ECONOMY;WB_471_ECONOMIC_GROWTH;,1.32100396301189,3.03830911492734,1.71730515191546,4.7556142668428
20250914,12:00,"Xiushan Energy Cloud Mining and Passive Income Future Outlook, High Yield Platform for Blockchain and Green Mining - TechStory",techstory.in,https://techstory.in/xiushan-energy-cloud-mining-and-passive-income-future-outlook-high-yield-platform-for-blockchain-and-green-mining/,ENV_MINING;TAX_FNCACT;TAX_FNCACT_INVESTOR;TAX_ECON_PRICE;TAX_FNCACT_MINERS;ECON_BITCOIN;CRISISLEX_C07_SAFETY;TAX_FNCACT_MINER;WB_1458_HEALTH_PROMOTION_AND_DISEASE_PREVENTION;WB_1462_WATER_SANITATION_AND_HYGIENE;WB_635_PUBLIC_HEALTH;WB_621_HEALTH_NUTRITION_AND_POPULATION;ENV_CLIMATECHANGE;UNGP_CLIMATE_CHANGE_ACTION;UNGP_FORESTS_RIVERS_OCEANS;ECON_ELECTRICALPRICE;EPU_ECONOMY_HISTORIC;TAX_FNCACT_GUIDE;TAX_FNCACT_OFFICIAL;USPEC_POLICY1;EPU_POLICY;EPU_POLICY_BUDGET;TAX_WORLDMAMMALS;TAX_WORLDMAMMALS_WHALES;,4.6242774566474,5.78034682080925,1.15606936416185,6.9364161849711
20250914,12:00,"AI, Mining News: GPU Gold Rush: Why Bitcoin Miners Are Powering AI’s Expansion",coindesk.com,https://www.coindesk.com/markets/2025/09/14/ai-mining-news-gpu-gold-rush-why-bitcoin-miners-are-powering-ai-s-expansion,MANMADE_DISASTER_IMPLIED;,0.992282249173098,3.41786108048512,2.42557883131202,5.84343991179713
20250914,12:00,N/A,dailypolitical.com,https://www.dailypolitical.com/2025/09/14/hbw-advisory-services-llc-boosts-stock-holdings-in-grayscale-bitcoin-trust-etf-gbtc.html,ECON_BITCOIN;TAX_FNCACT;TAX_FNCACT_INVESTOR;ECON_STOCKMARKET;WB_439_MACROECONOMIC_AND_STRUCTURAL_POLICIES;WB_829_FISCAL_DECENTRALIZATION;WB_874_LOCAL_FINANCE;WB_877_ASSET_MANAGEMENT;WB_445_FISCAL_POLICY;TAX_ECON_PRICE;TAX_FNCACT_INSIDER;WB_698_TRADE;CORRUPTION;TAX_FNCACT_ANALYST;,5.24017467248908,5.67685589519651,0.436681222707424,6.11353711790393
20250914,13:00,Jerusalem Court indicts Haredi man for ties to Iranian agents,ynetnews.com,https://www.ynetnews.com/article/b154zmejgg,TAX_RELIGION;TAX_RELIGION_HASIDIC;TAX_ETHNICITY;TAX_ETHNICITY_HASIDIC;TAX_FNCACT;TAX_FNCACT_SCHOLAR;TAX_FNCACT_AGENT;TAX_ETHNICITY_IRANIAN;TRIAL;TAX_FNCACT_LAWYER;TAX_WORLDMAMMALS;TAX_WORLDMAMMALS_SHEEP;TAX_FNCACT_AMBASSADOR;WB_566_ENVIRONMENT_AND_NATURAL_RESOURCES;WB_1777_FORESTS;WB_590_ECOSYSTEMS;UNGP_FORESTS_RIVERS_OCEANS;SOC_GENERALCRIME;RECRUITMENT;ECON_BITCOIN;EPU_CATS_MIGRATION_FEAR_FEAR;ARREST;DISASTER_FIRE;PROTEST;EXTREMISM;,-5.6420233463035,2.14007782101167,7.78210116731517,9.92217898832685
20250914,14:00,Gemini Crypto Exchange IPO Pops 14% as Winklevoss Twins Predict $1M Bitcoin,yahoo.com,https://finance.yahoo.com/news/gemini-crypto-exchange-ipo-pops-120135110.html,ECON_BITCOIN;ECON_STOCKMARKET;ECON_IPO;WB_698_TRADE;TAX_ECON_PRICE;ARREST;WB_2936_GOLD;WB_507_ENERGY_AND_EXTRACTIVES;WB_895_MINING_SYSTEMS;WB_1699_METAL_ORE_MINING;,1.14068441064639,1.90114068441065,0.760456273764259,2.6615969581749
20250914,14:00,N/A,dailypolitical.com,https://www.dailypolitical.com/2025/09/14/upper-left-wealth-management-llc-purchases-845-shares-of-grayscale-bitcoin-trust-etf-gbtc.html,ECON_BITCOIN;EPU_CATS_REGULATION;EPU_CATS_FINANCIAL_REGULATION;TAX_FNCACT;TAX_FNCACT_INVESTOR;ECON_STOCKMARKET;WB_439_MACROECONOMIC_AND_STRUCTURAL_POLICIES;WB_829_FISCAL_DECENTRALIZATION;WB_874_LOCAL_FINANCE;WB_877_ASSET_MANAGEMENT;WB_445_FISCAL_POLICY;ALLIANCE;SOC_RANSOM;WB_698_TRADE;TAX_ECON_PRICE;TAX_FNCACT_ANALYST;,5.09164969450102,5.70264765784114,0.610997963340122,6.31364562118126
20250914,14:00,N/A,biztoc.com,https://biztoc.com/x/f86c8ba81c6485ba,ECON_BITCOIN;,4.16666666666667,6.25,2.08333333333333,8.33333333333333
20250914,14:00,"Where to invest $20,000 in ASX ETFs for 2026 and beyond",fool.com.au,https://www.fool.com.au/2025/09/14/where-to-invest-20000-in-asx-etfs-for-2026-and-beyond/,SCIENCE;SOC_INNOVATION;ECON_STOCKMARKET;WB_678_DIGITAL_GOVERNMENT;WB_674_SHARED_INFRASTRUCTURE;WB_667_ICT_INFRASTRUCTURE;WB_676_CLOUD_COMPUTING;WB_133_INFORMATION_AND_COMMUNICATION_TECHNOLOGIES;EPU_ECONOMY_HISTORIC;EPU_CATS_MIGRATION_FEAR_MIGRATION;TAX_FNCACT;TAX_FNCACT_LEADERS;CYBER_ATTACK;WB_670_ICT_SECURITY;WB_566_ENVIRONMENT_AND_NATURAL_RESOURCES;WB_590_ECOSYSTEMS;UNGP_FORESTS_RIVERS_OCEANS;ECON_BITCOIN;TAX_FNCACT_MINER;,2.31023102310231,4.62046204620462,2.31023102310231,6.93069306930693
20250914,14:00,N/A,biztoc.com,https://biztoc.com/x/d2f4089b4fe1678c,ECON_BITCOIN;CORRUPTION;,-4.34782608695652,2.17391304347826,6.52173913043478,8.69565217391304
20250914,15:00,U.S. electric grids under pressure from energy-hungry data centers are changing strategy,dallasnews.com,https://www.dallasnews.com/business/energy/2025/09/14/us-electric-grids-under-pressure-from-energy-hungry-data-centers-are-changing-strategy/,CRISISLEX_T01_CAUTION_ADVICE;ECON_ELECTRICALGRID;USPEC_POLICY1;EPU_POLICY;EPU_POLICY_POLICYMAKERS;TAX_DISEASE;TAX_DISEASE_EMERGENCIES;LEADER;TAX_FNCACT;TAX_FNCACT_LAWMAKERS;USPEC_POLITICS_GENERAL1;EPU_POLICY_LAWMAKERS;CRISISLEX_CRISISLEXREC;NATURAL_DISASTER;NATURAL_DISASTER_WINTER_STORM;KILL;CRISISLEX_T03_DEAD;UNGP_FORESTS_RIVERS_OCEANS;EPU_ECONOMY;EPU_ECONOMY_HISTORIC;TAX_FNCACT_INSIDER;EPU_POLICY_POLICY;TAX_WORLDMAMMALS;TAX_WORLDMAMMALS_FOX;TAX_FNCACT_ANALYSTS;MANMADE_DISASTER_IMPLIED;PUBLIC_TRANSPORT;EDUCATION;SOC_POINTSOFINTEREST;SOC_POINTSOFINTEREST_UNIVERSITY;TAX_FNCACT_PROFESSOR;ECON_ELECTRICALDEMAND;TAX_FNCACT_OPERATOR;TAX_FNCACT_CEO;TAX_WORLDLANGUAGES;TAX_WORLDLANGUAGES_KANSAS;ECON_INFLATION;WB_1104_MACROECONOMIC_VULNERABILITY_AND_DEBT;WB_442_INFLATION;TAX_ETHNICITY;TAX_ETHNICITY_AMERICANS;ECON_SUBSIDIES;CRISISLEX_T11_UPDATESSYMPATHY;MANMADE_DISASTER;MANMADE_DISASTER_POWER_OUTAGE;POWER_OUTAGE;TAX_FNCACT_REGULATORS;ALLIANCE;WB_678_DIGITAL_GOVERNMENT;WB_2943_SWITCHES;WB_667_ICT_INFRASTRUCTURE;WB_672_NETWORK_MANAGEMENT;WB_133_INFORMATION_AND_COMMUNICATION_TECHNOLOGIES;EPU_UNCERTAINTY;ECON_BITCOIN;TAX_FNCACT_MINERS;TAX_FNCACT_GOVERNORS;WB_696_PUBLIC_SECTOR_MANAGEMENT;WB_2048_COMPENSATION_CAREERS_AND_INCENTIVES;WB_723_PUBLIC_ADMINISTRATION;WB_724_HUMAN_RESOURCES_FOR_PUBLIC_SECTOR;NEW_CONSTRUCTION;DELAY;USPEC_UNCERTAINTY1;TAX_FNCACT_CITIZENS;TAX_ECON_PRICE;SCIENCE;TAX_FNCACT_RESEARCHER;CRISISLEX_O01_WEATHER;ECON_NEWPOWERPLANT;,-1.29554655870445,1.94331983805668,3.23886639676113,5.18218623481781
20250914,15:00,"Ethereum Outflow Signals Strength: 56,000 ETH Pulled From Exchanges",newsbtc.com,https://www.newsbtc.com/news/ethereum/ethereum-price-receives-long-term-confidence-boost/,TAX_ECON_PRICE;ECON_BITCOIN;TAX_FNCACT;TAX_FNCACT_INVESTOR;WB_678_DIGITAL_GOVERNMENT;WB_694_BROADCAST_AND_MEDIA;WB_133_INFORMATION_AND_COMMUNICATION_TECHNOLOGIES;MEDIA_SOCIAL;WB_652_ICT_APPLICATIONS;WB_662_SOCIAL_MEDIA;WB_658_ENTERPRISE_APPLICATIONS;TAX_FNCACT_ANALYST;EPU_CATS_MIGRATION_FEAR_FEAR;USPEC_POLICY1;EPU_UNCERTAINTY;AFFECT;TAX_WORLDMAMMALS;TAX_WORLDMAMMALS_BEAR;MOVEMENT_GENERAL;WB_698_TRADE;WB_135_TRANSPORT;WB_1174_WAREHOUSING_AND_STORAGE;WB_793_TRANSPORT_AND_LOGISTICS_SERVICES;ECON_CURRENCY_RESERVES;,0.181818181818182,2.18181818181818,2.0,4.18181818181818
20250914,16:00,N/A,themarketsdaily.com,https://www.themarketsdaily.com/2025/09/14/global-wealth-strategies-associates-sells-444-shares-of-ishares-bitcoin-trust-etf-ibit.html,ECON_BITCOIN;ECON_STOCKMARKET;TAX_FNCACT;TAX_FNCACT_INVESTOR;TAX_FNCACT_COUNSELORS;TAX_ECON_PRICE;TAX_FNCACT_ANALYST;,4.80167014613779,5.01043841336117,0.208768267223382,5.21920668058455
20250914,16:00,N/A,gazette.com,https://gazette.com/news/wex/hunter-biden-wants-arrest-warrant-for-overstock-ceo-in-defamation-case/article_f308eedc-0382-5e56-9fd0-11916d08b40d.html,TAX_FNCACT;TAX_FNCACT_HUNTER;ARREST;CRISISLEX_CRISISLEXREC;TAX_FNCACT_CEO;TRIAL;TAX_FNCACT_ATTORNEYS;ECON_BITCOIN;GENERAL_GOVERNMENT;SANCTIONS;MEDIA_MSM;TAX_ETHNICITY;TAX_ETHNICITY_IRANIAN;EPU_POLICY;EPU_POLICY_GOVERNMENT;TAX_ETHNICITY_IRANIANS;TAX_FNCACT_FATHER;SOC_POINTSOFINTEREST;SOC_POINTSOFINTEREST_PRISON;WB_2495_DETENTION_PRISON_AND_CORRECTIONS_REFORM;WB_2470_PEACE_OPERATIONS_AND_CONFLICT_MANAGEMENT;WB_2432_FRAGILITY_CONFLICT_AND_VIOLENCE;WB_2490_NATIONAL_PROTECTION_AND_SECURITY;TAX_FNCACT_ATTORNEY;WB_2024_ANTI_CORRUPTION_AUTHORITIES;WB_696_PUBLIC_SECTOR_MANAGEMENT;WB_840_JUSTICE;WB_2025_INVESTIGATION;WB_831_GOVERNANCE;WB_832_ANTI_CORRUPTION;WB_1014_CRIMINAL_JUSTICE;TAX_WEAPONS;TAX_WEAPONS_GUN;TAX_FNCACT_KILLER;WB_1921_PRIVATE_SECTOR_DEVELOPMENT;WB_346_COMPETITIVE_INDUSTRIES;WB_818_INDUSTRY_POLICY_AND_REAL_SECTORS;WB_1281_MANUFACTURING;ELECTION;RESIGNATION;TAX_ETHNICITY_RUSSIAN;TAX_WORLDLANGUAGES;TAX_WORLDLANGUAGES_RUSSIAN;,-7.46268656716418,0.426439232409382,7.88912579957356,8.31556503198294
20250914,16:00,N/A,webpronews.com,https://www.webpronews.com/el-salvador-to-launch-bitcoin-banks-by-2025-for-crypto-growth/,TAX_FNCACT;TAX_FNCACT_PIONEER;WB_2670_JOBS;WB_2769_JOBS_STRATEGIES;WB_2840_INTEGRATION;WB_2836_MIGRATION_POLICIES_AND_JOBS;ECON_BITCOIN;USPEC_POLICY1;EPU_ECONOMY;EPU_ECONOMY_HISTORIC;LEADER;TAX_FNCACT_PRESIDENT;USPEC_POLITICS_GENERAL1;TAX_FNCACT_OFFICIALS;WB_1150_VOLATILITY;WB_1104_MACROECONOMIC_VULNERABILITY_AND_DEBT;EPU_POLICY;EPU_POLICY_REGULATORY;TAX_FNCACT_LAWMAKERS;EPU_POLICY_LAWMAKERS;LEGISLATION;EPU_POLICY_LAW;WB_845_LEGAL_AND_REGULATORY_FRAMEWORK;WB_696_PUBLIC_SECTOR_MANAGEMENT;WB_853_FINANCIAL_LAWS_AND_REGULATIONS;WB_831_GOVERNANCE;WB_838_PUBLIC_ACCOUNTABILITY_MECHANISMS;EPU_POLICY_LEGISLATION;CYBER_ATTACK;WB_678_DIGITAL_GOVERNMENT;WB_670_ICT_SECURITY;WB_133_INFORMATION_AND_COMMUNICATION_TECHNOLOGIES;WB_1098_MONETARY_AND_FINANCIAL_STABILITY;WB_471_ECONOMIC_GROWTH;WB_1096_MACROECONOMIC_SUSTAINABILITY;WB_1100_SUSTAINABLE_GROWTH;ECON_REMITTANCE;WB_775_TRADE_POLICY_AND_INTEGRATION;WB_698_TRADE;WB_780_TRADE_IN_SERVICES;WB_783_TEMPORARY_MOVEMENT_OF_LABOR;ECON_DEVELOPMENTORGS;ECON_DEVELOPMENTORGS_INTERNATIONAL_MONETARY_FUND;WB_1160_SHOCKS_AND_VULNERABILITY;WB_695_POVERTY;TAX_WORLDLANGUAGES;TAX_WORLDLANGUAGES_LATIN;CRISISLEX_T11_UPDATESSYMPATHY;WB_566_ENVIRONMENT_AND_NATURAL_RESOURCES;WB_590_ECOSYSTEMS;UNGP_FORESTS_RIVERS_OCEANS;ECON_FOREIGNINVEST;WB_1078_DETERMINANTS_OF_GROWTH;WB_1081_FINANCE_AND_GROWTH;WB_863_FDI_SPILLOVERS;TAX_FNCACT_ANALYSTS;EPU_POLICY_POLICY;WB_694_BROADCAST_AND_MEDIA;MEDIA_SOCIAL;WB_652_ICT_APPLICATIONS;WB_662_SOCIAL_MEDIA;WB_658_ENTERPRISE_APPLICATIONS;TAX_ECON_PRICE;TAX_FNCACT_INSIDERS;TAX_DISEASE;TAX_DISEASE_CONVENTIONAL;KILL;,0.174520069808028,4.3630017452007,4.18848167539267,8.55148342059337
20250914,16:00,N/A,webpronews.com,https://www.webpronews.com/us-advances-strategic-bitcoin-reserve-with-trumps-order/,ECON_BITCOIN;,0.614754098360656,3.27868852459016,2.66393442622951,5.94262295081967
20250914,17:00,N/A,yahoo.com,https://finance.yahoo.com/news/gamestop-stock-moving-higher-free-133002207.html,EPU_ECONOMY_HISTORIC;ECON_STOCKMARKET;TAX_FNCACT;TAX_FNCACT_ANALYSTS;ECON_DEBT;WB_1104_MACROECONOMIC_VULNERABILITY_AND_DEBT;WB_450_DEBT;ECON_BITCOIN;TAX_ECON_PRICE;ECON_INTEREST_RATES;EPU_POLICY;EPU_POLICY_INTEREST_RATE;TAX_FNCACT_INVESTOR;,0.0677966101694916,1.22033898305085,1.15254237288136,2.3728813559322
20250914,17:00,N/A,yahoo.com,https://finance.yahoo.com/news/businesses-putting-22-profit-bitcoin-163119811.html,ECON_BITCOIN;MANMADE_DISASTER_IMPLIED;EPU_ECONOMY_HISTORIC;ECON_INFLATION;WB_1104_MACROECONOMIC_VULNERABILITY_AND_DEBT;WB_442_INFLATION;WB_696_PUBLIC_SECTOR_MANAGEMENT;WB_713_PUBLIC_FINANCE;WB_1045_TREASURY;GENERAL_GOVERNMENT;EPU_POLICY;EPU_POLICY_GOVERNMENT;ECON_STOCKMARKET;UNGP_FORESTS_RIVERS_OCEANS;TAX_FNCACT;TAX_FNCACT_EMPLOYEES;TAX_FNCACT_DECISION_MAKERS;WB_1160_SHOCKS_AND_VULNERABILITY;WB_695_POVERTY;EPU_ECONOMY;ECON_HOUSING_PRICES;AGRICULTURE;EPU_POLICY_REGULATORY;WB_1150_VOLATILITY;,1.47783251231527,3.94088669950739,2.46305418719212,6.40394088669951
20250914,17:00,N/A,bravenewcoin.com,https://bravenewcoin.com/insights/optimism-price-prediction-op-targets-1-50-as-bullish-momentum-builds,TAX_FNCACT;TAX_FNCACT_BUYER;WB_698_TRADE;TAX_FNCACT_INVESTOR;TAX_ECON_PRICE;WB_1150_VOLATILITY;WB_1104_MACROECONOMIC_VULNERABILITY_AND_DEBT;UNGP_FORESTS_RIVERS_OCEANS;MOVEMENT_GENERAL;ECON_BITCOIN;EPU_UNCERTAINTY;,2.50481695568401,4.43159922928709,1.92678227360308,6.35838150289017
20250914,17:00,N/A,biztoc.com,https://biztoc.com/x/a156683032a6aca9,ECON_BITCOIN;WB_2936_GOLD;WB_507_ENERGY_AND_EXTRACTIVES;WB_895_MINING_SYSTEMS;WB_1699_METAL_ORE_MINING;,3.92156862745098,5.88235294117647,1.96078431372549,7.84313725490196
20250914,18:00,N/A,webpronews.com,https://www.webpronews.com/irs-ramps-up-crypto-surveillance-with-real-time-tracking-for-2025-taxes/,WB_696_PUBLIC_SECTOR_MANAGEMENT;WB_831_GOVERNANCE;WB_838_PUBLIC_ACCOUNTABILITY_MECHANISMS;ECON_BITCOIN;SURVEILLANCE;ECON_TAXATION;USPEC_POLICY1;EPU_POLICY;EPU_POLICY_TAX;EPU_CATS_TAXES;CRISISLEX_CRISISLEXREC;EPU_ECONOMY_HISTORIC;EPU_POLICY_REGULATORY;TAX_FNCACT;TAX_FNCACT_BROKER;WB_713_PUBLIC_FINANCE;WB_1045_TREASURY;GENERAL_GOVERNMENT;USPEC_POLITICS_GENERAL1;EPU_POLICY_CONGRESS;LEGISLATION;EPU_POLICY_LAW;RATIFY;LEADER;TAX_FNCACT_PRESIDENT;CONFISCATION;TRANSPARENCY;TAX_DISEASE;TAX_DISEASE_SEIZURES;WB_698_TRADE;AFFECT;ARMEDCONFLICT;NATURAL_DISASTER;NATURAL_DISASTER_EROSION;SCIENCE;SOC_INNOVATION;WB_720_TAX_AND_REVENUE_POLICY_AND_ADMINISTRATION;RESIGNATION;TAX_FNCACT_CHIEF;SOC_POINTSOFINTEREST;SOC_POINTSOFINTEREST_PRISON;WB_2495_DETENTION_PRISON_AND_CORRECTIONS_REFORM;WB_2470_PEACE_OPERATIONS_AND_CONFLICT_MANAGEMENT;WB_2432_FRAGILITY_CONFLICT_AND_VIOLENCE;WB_2490_NATIONAL_PROTECTION_AND_SECURITY;,-5.41455160744501,2.36886632825719,7.7834179357022,10.1522842639594
20250914,18:00,N/A,webpronews.com,https://www.webpronews.com/polymarket-eyes-9-10b-valuation-amid-crypto-betting-surge/,nan,0.0,3.03430079155673,3.03430079155673,6.06860158311346
20250914,18:00,N/A,investing.com,https://www.investing.com/studios/article-382996,USPEC_POLICY1;EPU_POLICY;EPU_POLICY_REGULATION;EPU_CATS_REGULATION;WB_696_PUBLIC_SECTOR_MANAGEMENT;WB_837_OPEN_GOVERNMENT_AND_TRANSPARENCY;WB_831_GOVERNANCE;WB_2031_RIGHT_TO_INFORMATION;WB_698_TRADE;UNGP_FORESTS_RIVERS_OCEANS;MOVEMENT_GENERAL;ECON_STOCKMARKET;TAX_FNCACT;TAX_FNCACT_TRADERS;IDEOLOGY;ECON_BITCOIN;TAX_FNCACT_GUARD;TAX_ECON_PRICE;WB_838_PUBLIC_ACCOUNTABILITY_MECHANISMS;TRANSPARENCY;EDUCATION;WB_470_EDUCATION;,2.5,4.64285714285714,2.14285714285714,6.78571428571429
20250914,18:00,N/A,webpronews.com,https://www.webpronews.com/thailand-freezes-3m-bank-accounts-in-anti-scam-drive-hits-businesses-hard/,UNREST_CRACKDOWN;TAX_FNCACT;TAX_FNCACT_VICTIMS;CRISISLEX_CRISISLEXREC;CRISISLEX_T08_MISSINGFOUNDTRAPPEDPEOPLE;TAX_ETHNICITY;TAX_ETHNICITY_THAI;CORRUPTION;EPU_CATS_MIGRATION_FEAR_FEAR;EPU_ECONOMY;EPU_ECONOMY_HISTORIC;ARMEDCONFLICT;WB_2019_ANTI_CORRUPTION_LEGISLATION;WB_696_PUBLIC_SECTOR_MANAGEMENT;WB_831_GOVERNANCE;WB_832_ANTI_CORRUPTION;WB_2020_BRIBERY_FRAUD_AND_COLLUSION;ECON_CENTRALBANK;WB_1235_CENTRAL_BANKS;WB_318_FINANCIAL_ARCHITECTURE_AND_BANKING;WB_1920_FINANCIAL_SECTOR_DEVELOPMENT;WB_1234_BANKING_INSTITUTIONS;USPEC_POLICY1;EPU_POLICY;EPU_POLICY_CENTRAL_BANK;EPU_CATS_MONETARY_POLICY;TAX_FNCACT_OFFICIALS;CYBER_ATTACK;TAX_FNCACT_CULPRITS;WB_1252_MOBILE_BANKING;WB_371_BRANCHLESS_BANKING;WB_363_FINANCIAL_INCLUSION;SOC_SUSPICIOUSACTIVITY;MEDIA_SOCIAL;WB_1160_SHOCKS_AND_VULNERABILITY;WB_695_POVERTY;WB_1609_FOOD_AND_IN_KIND_TRANSFERS;WB_1620_ELDERLY;WB_1466_SOCIAL_ASSISTANCE;WB_1618_FOOD_DISTRIBUTION;WB_697_SOCIAL_PROTECTION_AND_LABOR;TAX_FNCACT_INSIDERS;CRISISLEX_C07_SAFETY;WB_1236_COMMERCIAL_BANKING;TAX_FNCACT_VICTIM;DELAY;USPEC_UNCERTAINTY1;TAX_ETHNICITY_RUSSIANS;TAX_WORLDLANGUAGES;TAX_WORLDLANGUAGES_RUSSIANS;TAX_FNCACT_EXAMINER;EPU_POLICY_POLICY;TOURISM;TAX_FNCACT_TOURISTS;AFFECT;TAX_ECON_PRICE;ECON_BITCOIN;,-6.92913385826772,2.67716535433071,9.60629921259843,12.2834645669291
20250914,18:00,N/A,webpronews.com,https://www.webpronews.com/south-korea-lifts-crypto-ban-for-venture-certification-in-2025/,nan,1.21527777777778,6.59722222222222,5.38194444444444,11.9791666666667
20250914,20:00,N/A,newsbtc.com,https://www.newsbtc.com/altcoin/dogecoin-hits-multi-month-high-veteran-trader-says-its-a-critical-progress/,TAX_FNCACT;TAX_FNCACT_VETERAN;TAX_FNCACT_TRADER;TAX_ECON_PRICE;TAX_FNCACT_TRADERS;DELAY;USPEC_UNCERTAINTY1;CRISISLEX_C04_LOGISTICS_TRANSPORT;TAX_FNCACT_ANALYSTS;ARREST;MEDIA_SOCIAL;TAX_WORLDMAMMALS;TAX_WORLDMAMMALS_WHALE;WB_698_TRADE;WB_1458_HEALTH_PROMOTION_AND_DISEASE_PREVENTION;WB_1462_WATER_SANITATION_AND_HYGIENE;WB_635_PUBLIC_HEALTH;WB_621_HEALTH_NUTRITION_AND_POPULATION;USPEC_POLICY1;EPU_UNCERTAINTY;,0.188679245283019,2.07547169811321,1.88679245283019,3.9622641509434
20250914,20:00,N/A,newsbtc.com,https://www.newsbtc.com/sponsored/why-spacepay-is-the-top-altcoin-to-buy-for-practical-crypto-spending-presale-ongoing/,AFFECT;TAX_FNCACT;TAX_FNCACT_SPY;USPEC_POLICY1;EPU_POLICY;EPU_POLICY_SPENDING;WB_350_FINANCIAL_INFRASTRUCTURE_AND_REMITTANCES;WB_353_PAYMENT_SYSTEMS;WB_351_PAYMENT_AND_MARKET_INFRASTRUCTURE;WB_1920_FINANCIAL_SECTOR_DEVELOPMENT;EPU_ECONOMY_HISTORIC;TAX_ECON_PRICE;ECON_BITCOIN;ECON_WORLDCURRENCIES;ECON_WORLDCURRENCIES_DOLLARS;WB_698_TRADE;EPU_POLICY_REGULATORY;MANMADE_DISASTER_IMPLIED;NEW_CONSTRUCTION;TAX_FNCACT_FOUNDERS;CRISISLEX_C07_SAFETY;WB_678_DIGITAL_GOVERNMENT;WB_670_ICT_SECURITY;WB_2371_ENCRYPTION;WB_133_INFORMATION_AND_COMMUNICATION_TECHNOLOGIES;KILL;TAX_FNCACT_OFFICIAL;,0.126262626262626,2.3989898989899,2.27272727272727,4.67171717171717
20250914,20:00,N/A,fingerlakes1.com,https://www.fingerlakes1.com/2025/09/14/ag-warns-of-phantom-hacker-scam-targeting-seniors/,RETIREMENT;WB_2690_CATEGORIES_OF_EMPLOYMENT;WB_2670_JOBS;WB_2689_JOBS_DIAGNOSTICS;WB_2896_RETIREMENT;TAX_FNCACT;TAX_FNCACT_VICTIMS;CRISISLEX_CRISISLEXREC;CRISISLEX_T08_MISSINGFOUNDTRAPPEDPEOPLE;GENERAL_GOVERNMENT;EPU_POLICY;EPU_POLICY_GOVERNMENT;TRIAL;TAX_FNCACT_ATTORNEY;TAX_ECON_PRICE;CYBER_ATTACK;TAX_FNCACT_HACKER;TAX_FNCACT_HACKERS;TAX_FNCACT_OFFICIALS;TAX_FNCACT_VICTIM;EPU_POLICY_FEDERAL_RESERVE;EPU_CATS_MONETARY_POLICY;ECON_BITCOIN;TAX_FNCACT_OFFICIAL;CRISISLEX_C07_SAFETY;CRISISLEX_T11_UPDATESSYMPATHY;,-4.69043151969981,2.81425891181989,7.5046904315197,10.3189493433396
20250914,20:00,N/A,newsbtc.com,https://www.newsbtc.com/news/solana/solana-sol-bulls-complete-bullish-breakout-eyes-360-mid-term-target/,TAX_ECON_PRICE;UNGP_FORESTS_RIVERS_OCEANS;WB_698_TRADE;TAX_FNCACT;TAX_FNCACT_ANALYSTS;TAX_FNCACT_INVESTOR;EPU_CATS_MIGRATION_FEAR_FEAR;MOVEMENT_GENERAL;ECON_BITCOIN;,2.5531914893617,3.82978723404255,1.27659574468085,5.1063829787234
20250914,22:00,N/A,bravenewcoin.com,https://bravenewcoin.com/insights/binance-coin-surges-toward-1000-as-institutional-demand-rises,TAX_ECON_PRICE;TAX_FNCACT;TAX_FNCACT_BUYER;TAX_FNCACT_ANALYSTS;WB_698_TRADE;UNGP_FORESTS_RIVERS_OCEANS;MOVEMENT_GENERAL;WB_696_PUBLIC_SECTOR_MANAGEMENT;WB_840_JUSTICE;WB_1014_CRIMINAL_JUSTICE;TAX_FNCACT_ANALYST;ECON_BITCOIN;TAX_FNCACT_KING;CRISISLEX_T11_UPDATESSYMPATHY;,3.01418439716312,3.72340425531915,0.709219858156028,4.43262411347518
20250914,22:00,N/A,bravenewcoin.com,https://bravenewcoin.com/insights/uniswap-whale-returns-with-1m-deposit-as-uni-consolidates-near-10,TAX_WORLDMAMMALS;TAX_WORLDMAMMALS_WHALE;UNGP_FORESTS_RIVERS_OCEANS;TAX_FNCACT;TAX_FNCACT_TRADERS;MOVEMENT_GENERAL;TAX_FNCACT_ANALYSTS;CRISISLEX_C07_SAFETY;TAX_FNCACT_INVESTOR;CRISISLEX_T11_UPDATESSYMPATHY;WB_698_TRADE;ECON_BITCOIN;TAX_FNCACT_BUYER;TAX_ECON_PRICE;WB_1150_VOLATILITY;WB_1104_MACROECONOMIC_VULNERABILITY_AND_DEBT;,1.60642570281124,3.6144578313253,2.00803212851406,5.62248995983936
20250914,22:00,N/A,dazeddigital.com,https://www.dazeddigital.com/music/article/54545/1/buyer-wu-tang-clan-ultra-rare-album-nft-shaolin-cryptocurrency-share-with-fans,ECON_BITCOIN;PROTEST;TAX_FNCACT;TAX_FNCACT_ARTIST;WB_2937_SILVER;WB_507_ENERGY_AND_EXTRACTIVES;WB_895_MINING_SYSTEMS;WB_1699_METAL_ORE_MINING;BAN;TRIAL;TAX_FNCACT_ATTORNEY;LEGISLATION;EPU_POLICY;EPU_POLICY_LAW;,0.0,2.10526315789474,2.10526315789474,4.21052631578947
20250914,22:00,N/A,bravenewcoin.com,https://bravenewcoin.com/insights/dogecoin-doge-price-prediction-dogecoin-nears-0-31-target-following-triangle-breakout-whats-next,TAX_FNCACT;TAX_FNCACT_ANALYSTS;ECON_BITCOIN;TAX_FNCACT_TRADERS;EPU_POLICY;EPU_POLICY_FEDERAL_RESERVE;EPU_CATS_MONETARY_POLICY;WB_444_MONETARY_POLICY;WB_439_MACROECONOMIC_AND_STRUCTURAL_POLICIES;WB_1127_RESERVE_RATES;TAX_FNCACT_DRIVERS;WB_696_PUBLIC_SECTOR_MANAGEMENT;WB_713_PUBLIC_FINANCE;WB_1045_TREASURY;TAX_FNCACT_TRADER;TAX_FNCACT_CIO;TAX_FNCACT_CEO;ECON_REMITTANCE;WB_775_TRADE_POLICY_AND_INTEGRATION;WB_698_TRADE;WB_780_TRADE_IN_SERVICES;WB_783_TEMPORARY_MOVEMENT_OF_LABOR;TAX_ECON_PRICE;DELAY;USPEC_UNCERTAINTY1;EPU_POLICY_REGULATORY;USPEC_POLICY1;EPU_UNCERTAINTY;WB_1458_HEALTH_PROMOTION_AND_DISEASE_PREVENTION;WB_1462_WATER_SANITATION_AND_HYGIENE;WB_635_PUBLIC_HEALTH;WB_621_HEALTH_NUTRITION_AND_POPULATION;MANMADE_DISASTER_IMPLIED;,3.0188679245283,5.47169811320755,2.45283018867925,7.92452830188679
20250914,22:00,N/A,bravenewcoin.com,https://bravenewcoin.com/insights/bitcoin-backed-stablecoin-yu-crashes-80-after-7-7-million-protocol-attack,CRISISLEX_CRISISLEXREC;WB_678_DIGITAL_GOVERNMENT;WB_670_ICT_SECURITY;WB_2372_AUTHENTICATION_AND_AUTHORIZATION;WB_133_INFORMATION_AND_COMMUNICATION_TECHNOLOGIES;CYBER_ATTACK;TAX_FNCACT;TAX_FNCACT_HACKER;TAX_ECON_PRICE;CRISISLEX_C07_SAFETY;DISABILITY;MARITIME_INCIDENT;MARITIME;MANMADE_DISASTER_IMPLIED;CRISISLEX_T11_UPDATESSYMPATHY;ECON_BITCOIN;MEDIA_SOCIAL;WB_2024_ANTI_CORRUPTION_AUTHORITIES;WB_696_PUBLIC_SECTOR_MANAGEMENT;WB_840_JUSTICE;WB_2025_INVESTIGATION;WB_831_GOVERNANCE;WB_832_ANTI_CORRUPTION;WB_1014_CRIMINAL_JUSTICE;WB_698_TRADE;TAX_FNCACT_OFFICIAL;ARREST;WB_713_PUBLIC_FINANCE;WB_1045_TREASURY;MOVEMENT_GENERAL;UNGP_FORESTS_RIVERS_OCEANS;TAX_FNCACT_HACKERS;WB_1160_SHOCKS_AND_VULNERABILITY;WB_695_POVERTY;SCIENCE;SOC_INNOVATION;,-4.04312668463612,2.96495956873315,7.00808625336927,9.97304582210243
20250914,23:00,N/A,biztoc.com,https://biztoc.com/x/ed5cbf4869aff4c7,TAX_FNCACT;TAX_FNCACT_JUDGE;ECON_BITCOIN;TAX_FNCACT_MINER;,-10.2040816326531,0.0,10.2040816326531,10.2040816326531
20250914,23:00,N/A,biztoc.com,https://biztoc.com/x/2626a9e8d13cf4d2,ECON_IPO;ECON_BITCOIN;,0.0,0.0,0.0,0.0
20250914,23:00,N/A,biztoc.com,https://biztoc.com/x/d4866db4206f9ea8,USPEC_POLICY1;EPU_POLICY;EPU_POLICY_SPENDING;ECON_BITCOIN;TAX_ETHNICITY;TAX_ETHNICITY_AMERICAN;GENERAL_GOVERNMENT;EPU_POLICY_GOVERNMENT;,2.32558139534884,2.32558139534884,0.0,2.32558139534884
